id_origem,data_obito,hora_fato,idade_vitima,municipio,bairro,meio_empregado,raca_cor,relacao_vitima_autor,feminicidio,tipo_local,ano,mes,dia_semana,periodo_dia,faixa_etaria,raca_negra,grupo_relacao
1,2017-03-01,10:50:00,29,SAO MATEUS,GURIRI,ARMA DE FOGO,PARDA,EX-MARIDO,True,RESIDÊNCIA,2017,3,3,MANHÃ,18-29,True,EX-PARCEIRO
2,2017-08-01,00:43:00,15,SERRA,CANTINHO DO CEU,ARMA BRANCA,BRANCA,NÃO INFORMADO,False,VIA PÚBLICA,2017,8,2,MADRUGADA,0-17,False,NÃO INFORMADO
3,2017-11-01,11:12:00,36,NOVA VENECIA,ALTOE,ARMA DE FOGO,PARDA,EX-MARIDO,True,RESIDÊNCIA,2017,11,3,MANHÃ,30-39,True,EX-PARCEIRO
4,2017-01-16,15:29:00,40,CARIACICA,CAMPO BELO,ARMA BRANCA,PARDA,NÃO INFORMADO,False,TERRENO BALDIO / MATA,2017,1,1,TARDE,40-59,True,NÃO INFORMADO
5,2017-01-22,16:26:00,44,SERRA,CENTRAL CARAPINA,ARMA DE FOGO,PARDA,NÃO INFORMADO,False,VIA PÚBLICA,2017,1,7,TARDE,40-59,True,NÃO INFORMADO
6,2017-01-22,04:17:00,46,FUNDAO,DIRECAO,ARMA BRANCA,PARDA,NÃO INFORMADO,False,RESIDÊNCIA,2017,1,7,MADRUGADA,40-59,True,NÃO INFORMADO
7,2017-01-23,10:51:00,42,MARATAIZES,CIDADE NOVA,ARMA DE FOGO,BRANCA,MARIDO,True,RESIDÊNCIA,2017,1,1,MANHÃ,40-59,False,PARCEIRO ÍNTIMO
8,2017-01-25,18:42:00,35,VILA VELHA,BOA VISTA I,ARMA DE FOGO,PARDA,EX-MARIDO,True,VIA PÚBLICA,2017,1,3,NOITE,30-39,True,EX-PARCEIRO
9,2017-01-30,04:23:00,28,VITORIA,CENTRO,OUTROS MEIOS,PARDA,NÃO INFORMADO,False,VIA PÚBLICA,2017,1,1,MADRUGADA,18-29,True,NÃO INFORMADO
10,2017-01-02,14:11:00,23,ITAPEMIRIM,CAXETA,ARMA DE FOGO,PARDA,COMPANHEIRO,True,VIA PÚBLICA,2017,1,1,TARDE,18-29,True,PARCEIRO ÍNTIMO
11,2017-05-02,11:35:00,19,VILA VELHA,RIVIERA DA BARRA,ARMA BRANCA,PRETA,NÃO INFORMADO,False,VIA PÚBLICA,2017,5,2,MANHÃ,18-29,True,NÃO INFORMADO
12,2017-07-02,17:32:00,40,VILA VELHA,SAO TORQUATO,ARMA DE FOGO,PARDA,NÃO INFORMADO,True,VIA PÚBLICA,2017,7,7,TARDE,40-59,True,NÃO INFORMADO
13,2017-07-02,16:50:00,16,FUNDAO,PRAIA GRANDE,ARMA BRANCA,PRETA,NÃO INFORMADO,False,VIA PÚBLICA,2017,7,7,TARDE,0-17,True,NÃO INFORMADO
14,2017-07-02,16:50:00,14,FUNDAO,PRAIA GRANDE,ARMA BRANCA,PARDA,NÃO INFORMADO,False,VIA PÚBLICA,2017,7,7,TARDE,0-17,True,NÃO INFORMADO
15,2017-07-02,00:36:00,17,CONCEICAO DA BARRA,BRACO DO RIO,ARMA BRANCA,PARDA,NÃO INFORMADO,False,VIA PÚBLICA,2017,7,7,MADRUGADA,0-17,True,NÃO INFORMADO
16,2017-10-02,07:01:00,57,VITORIA,CARATOIRA,ARMA BRANCA,PARDA,NÃO INFORMADO,False,VIA PÚBLICA,2017,10,1,MANHÃ,40-59,True,NÃO INFORMADO
17,2017-10-02,07:01:00,25,VITORIA,CARATOIRA,ARMA BRANCA,PARDA,NÃO INFORMADO,False,VIA PÚBLICA,2017,10,1,MANHÃ,18-29,True,NÃO INFORMADO
18,2017-10-02,06:45:00,31,SERRA,CIDADE POMAR,ARMA BRANCA,PARDA,NÃO INFORMADO,False,NÃO INFORMADO,2017,10,1,MANHÃ,30-39,True,NÃO INFORMADO
19,2017-11-02,06:09:00,30,LINHARES,NOVA ESPERANCA,ARMA BRANCA,PARDA,NÃO INFORMADO,False,VIA PÚBLICA,2017,11,4,MANHÃ,30-39,True,NÃO INFORMADO
20,2017-02-14,20:09:00,69,SERRA,SERRA CENTRO,ARMA DE FOGO,PARDA,MARIDO,True,NÃO INFORMADO,2017,2,2,NOITE,60+,True,PARCEIRO ÍNTIMO
21,2017-02-15,19:28:00,18,SERRA,CENTRAL CARAPINA,ARMA BRANCA,PARDA,NÃO INFORMADO,False,VIA PÚBLICA,2017,2,3,NOITE,18-29,True,NÃO INFORMADO
22,2017-02-17,23:44:00,14,LINHARES,SANTA CRUZ,ARMA BRANCA,PARDA,NÃO INFORMADO,False,VIA PÚBLICA,2017,2,5,NOITE,0-17,True,NÃO INFORMADO
23,2017-02-19,06:29:00,42,VILA VELHA,SANTA RITA,ARMA BRANCA,PRETA,NÃO INFORMADO,False,VIA PÚBLICA,2017,2,7,MANHÃ,40-59,True,NÃO INFORMADO
24,2017-02-23,21:10:00,16,VITORIA,TABUAZEIRO,ARMA BRANCA,BRANCA,NÃO INFORMADO,False,VIA PÚBLICA,2017,2,4,NOITE,0-17,False,NÃO INFORMADO
25,2017-02-28,19:23:00,36,VITORIA,ENSEADA DO SUA,ARMA DE FOGO,PARDA,MARIDO,True,RESIDÊNCIA,2017,2,2,NOITE,30-39,True,PARCEIRO ÍNTIMO
26,2017-03-03,08:11:00,35,VILA VELHA,PEDRA DOS BUZIOS,ARMA BRANCA,PARDA,NÃO INFORMADO,False,VIA PÚBLICA,2017,3,5,MANHÃ,30-39,True,NÃO INFORMADO
27,2017-08-03,09:36:00,43,LINHARES,INTERLAGOS,ARMA DE FOGO,PARDA,EX-MARIDO,True,RESIDÊNCIA,2017,8,4,MANHÃ,40-59,True,EX-PARCEIRO
28,2017-11-03,16:03:00,25,SERRA,SERRA DOURADA I,ARMA BRANCA,PARDA,NÃO INFORMADO,False,VIA PÚBLICA,2017,11,5,TARDE,18-29,True,NÃO INFORMADO
29,2017-11-03,16:57:00,20,LINHARES,SANTA CRUZ,ARMA BRANCA,PARDA,NÃO INFORMADO,False,VIA PÚBLICA,2017,11,5,TARDE,18-29,True,NÃO INFORMADO
30,2017-11-03,13:14:00,36,MUNIZ FREIRE,PIACU,ARMA BRANCA,BRANCA,NÃO INFORMADO,False,ESTABELECIMENTO COMERCIAL,2017,11,5,TARDE,30-39,False,NÃO INFORMADO
31,2017-12-03,10:20:00,26,SERRA,SERRAMAR,ARMA BRANCA,PARDA,NÃO INFORMADO,False,VIA PÚBLICA,2017,12,7,MANHÃ,18-29,True,NÃO INFORMADO
32,2017-12-03,13:30:00,39,VITORIA,BELA VISTA,OUTROS MEIOS,PARDA,MARIDO,True,VIA PÚBLICA,2017,12,7,TARDE,30-39,True,PARCEIRO ÍNTIMO
33,2017-03-16,13:15:00,33,CARIACICA,CASTELO BRANCO,ARMA BRANCA,PARDA,NÃO INFORMADO,False,VIA PÚBLICA,2017,3,4,TARDE,30-39,True,NÃO INFORMADO
34,2017-03-18,14:52:00,15,VITORIA,RESISTENCIA,ARMA BRANCA,PARDA,NÃO INFORMADO,False,VIA PÚBLICA,2017,3,6,TARDE,0-17,True,NÃO INFORMADO
35,2017-03-19,06:30:00,50,CARIACICA,NOVO BRASIL,OUTROS MEIOS,PARDA,NÃO INFORMADO,False,RESIDÊNCIA,2017,3,7,MANHÃ,40-59,True,NÃO INFORMADO
36,2017-03-20,01:22:00,32,CARIACICA,PORTO DE SANTANA,ARMA BRANCA,PRETA,NÃO INFORMADO,False,VIA PÚBLICA,2017,3,1,MADRUGADA,30-39,True,NÃO INFORMADO
37,2017-03-25,21:41:00,48,JOAO NEIVA,MONTE LIBANO,ARMA BRANCA,PARDA,NÃO INFORMADO,False,VIA PÚBLICA,2017,3,6,NOITE,40-59,True,NÃO INFORMADO
38,2017-03-25,08:40:00,57,PONTO BELO,LAJEADO,ARMA DE FOGO,PARDA,NÃO INFORMADO,False,RESIDÊNCIA,2017,3,6,MANHÃ,40-59,True,NÃO INFORMADO
39,2017-03-26,20:40:00,39,VENDA NOVA DO IMIGRANTE,ZONA RURAL,OUTROS MEIOS,PARDA,COMPANHEIRO,True,RESIDÊNCIA,2017,3,7,NOITE,30-39,True,PARCEIRO ÍNTIMO
40,2017-03-30,01:07:00,25,VILA VELHA,SAO TORQUATO,OUTROS MEIOS,PRETA,NÃO INFORMADO,False,NÃO INFORMADO,2017,3,4,MADRUGADA,18-29,True,NÃO INFORMADO
41,2017-03-31,10:27:00,22,VILA VELHA,COCAL,ARMA BRANCA,PARDA,NÃO INFORMADO,False,VIA PÚBLICA,2017,3,5,MANHÃ,18-29,True,NÃO INFORMADO
42,2017-03-31,16:12:00,56,CACHOEIRO DE ITAPEMIRIM,BOA VISTA,ARMA DE FOGO,PARDA,MARIDO,True,RESIDÊNCIA,2017,3,5,TARDE,40-59,True,PARCEIRO ÍNTIMO
43,2017-07-04,16:19:00,21,VILA VELHA,COBILANDIA,ARMA BRANCA,PARDA,NÃO INFORMADO,False,VIA PÚBLICA,2017,7,2,TARDE,18-29,True,NÃO INFORMADO
44,2017-09-04,00:19:00,37,VILA VELHA,ULISSES GUIMARAES,ARMA BRANCA,PARDA,NÃO INFORMADO,False,VIA PÚBLICA,2017,9,1,MADRUGADA,30-39,True,NÃO INFORMADO
45,2017-10-04,20:24:00,32,VILA VELHA,COBILANDIA,ARMA DE FOGO,PARDA,NÃO INFORMADO,False,VIA PÚBLICA,2017,10,3,NOITE,30-39,True,NÃO INFORMADO
46,2017-10-04,21:04:00,34,CONCEICAO DA BARRA,ANTONIO LOPEZ,ARMA BRANCA,PARDA,NÃO INFORMADO,False,VIA PÚBLICA,2017,10,3,NOITE,30-39,True,NÃO INFORMADO
47,2017-11-04,10:49:00,22,SERRA,SERRA DOURADA I,ARMA BRANCA,PARDA,NÃO INFORMADO,False,VIA PÚBLICA,2017,11,6,MANHÃ,18-29,True,NÃO INFORMADO
48,2017-04-14,09:52:03,32,SERRA,BALNEARIO DE CARAPEBUS,ARMA BRANCA,PARDA,COMPANHEIRO,True,TERRENO BALDIO / MATA,2017,4,5,MANHÃ,30-39,True,PARCEIRO ÍNTIMO
49,2017-04-15,17:44:00,52,VITORIA,SANTA MARTHA,ARMA DE FOGO,PARDA,NAMORADO,True,RESIDÊNCIA,2017,4,6,TARDE,40-59,True,PARCEIRO ÍNTIMO
50,2017-04-15,21:47:00,22,SANTA MARIA DE JETIBA,SAO LUIS,ARMA BRANCA,BRANCA,NÃO INFORMADO,False,ESTABELECIMENTO COMERCIAL,2017,4,6,NOITE,18-29,False,NÃO INFORMADO
51,2017-04-18,11:30:00,22,VIANA,VILA BETHANIA,OUTROS MEIOS,PARDA,EX-MARIDO,True,VIA PÚBLICA,2017,4,2,MANHÃ,18-29,True,EX-PARCEIRO
52,2017-04-28,12:13:00,37,VILA VELHA,JABURUNA,OUTROS MEIOS,PARDA,PARENTE,True,VIA PÚBLICA,2017,4,5,TARDE,30-39,True,FAMILIAR
53,2017-04-29,03:30:00,45,AFONSO CLAUDIO,FAZENDA GUANDU,ARMA DE FOGO,PARDA,MARIDO,True,RESIDÊNCIA,2017,4,6,MADRUGADA,40-59,True,PARCEIRO ÍNTIMO
54,2017-02-05,10:16:00,49,VITORIA,CONQUISTA,ARMA BRANCA,PARDA,NÃO INFORMADO,False,ESTABELECIMENTO COMERCIAL,2017,2,7,MANHÃ,40-59,True,NÃO INFORMADO
55,2017-05-19,15:51:00,35,LINHARES,CANIVETE,OUTROS MEIOS,PARDA,NÃO INFORMADO,False,TERRENO BALDIO / MATA,2017,5,5,TARDE,30-39,True,NÃO INFORMADO
56,2017-05-21,18:18:00,28,MIMOSO DO SUL,BELO MONTE,ARMA DE FOGO,BRANCA,COMPANHEIRO,True,RESIDÊNCIA,2017,5,7,NOITE,18-29,False,PARCEIRO ÍNTIMO
57,2017-05-23,20:55:00,32,PRESIDENTE KENNEDY,SANTANA FELIZ,ARMA BRANCA,PARDA,NÃO INFORMADO,False,VIA PÚBLICA,2017,5,2,NOITE,30-39,True,NÃO INFORMADO
58,2017-05-26,19:00:00,37,CARIACICA,PROLAR,ARMA BRANCA,PARDA,NÃO INFORMADO,False,VIA PÚBLICA,2017,5,5,NOITE,30-39,True,NÃO INFORMADO
59,2017-08-06,20:38:00,52,CARIACICA,NOVA CAMPO GRANDE,ARMA BRANCA,PARDA,PARENTE,True,VIA PÚBLICA,2017,8,7,NOITE,40-59,True,FAMILIAR
60,2017-06-17,10:13:00,39,RIO NOVO DO SUL,BORSOI,ARMA DE FOGO,PARDA,NAMORADO,True,RESIDÊNCIA,2017,6,6,MANHÃ,30-39,True,PARCEIRO ÍNTIMO
61,2017-06-23,13:23:00,17,SERRA,VILA NOVA DE COLARES,ARMA BRANCA,PRETA,NÃO INFORMADO,False,VIA PÚBLICA,2017,6,5,TARDE,0-17,True,NÃO INFORMADO
62,2017-01-07,07:16:00,17,CARIACICA,NOVA CAMPO GRANDE,ARMA DE FOGO,PARDA,NÃO INFORMADO,False,NÃO INFORMADO,2017,1,6,MANHÃ,0-17,True,NÃO INFORMADO
63,2017-02-07,22:47:00,49,JAGUARE,PALMITO,ARMA BRANCA,PARDA,NÃO INFORMADO,False,RESIDÊNCIA,2017,2,2,NOITE,40-59,True,NÃO INFORMADO
64,2017-06-07,11:51:00,36,FUNDAO,TIMBUI,ARMA BRANCA,PARDA,NÃO INFORMADO,False,VIA PÚBLICA,2017,6,3,MANHÃ,30-39,True,NÃO INFORMADO
65,2017-07-16,19:44:00,35,CARIACICA,PROLAR,ARMA BRANCA,PARDA,NÃO INFORMADO,False,RESIDÊNCIA,2017,7,7,NOITE,30-39,True,NÃO INFORMADO
66,2017-07-20,17:02:00,25,CARIACICA,VISTA MAR,ARMA BRANCA,PARDA,EX-NAMORADO,True,RESIDÊNCIA,2017,7,4,TARDE,18-29,True,EX-PARCEIRO
67,2017-07-21,19:44:00,23,VILA VELHA,VILA BATISTA,ARMA BRANCA,PARDA,COMPANHEIRO,True,RESIDÊNCIA,2017,7,5,NOITE,18-29,True,PARCEIRO ÍNTIMO
68,2017-07-22,20:44:00,57,ARACRUZ,SAO MARCOS,ARMA BRANCA,PARDA,NÃO INFORMADO,False,VIA PÚBLICA,2017,7,6,NOITE,40-59,True,NÃO INFORMADO
69,2017-07-25,22:59:00,,CACHOEIRO DE ITAPEMIRIM,RUBEM BRAGA,ARMA BRANCA,PARDA,NÃO INFORMADO,False,VIA PÚBLICA,2017,7,2,NOITE,NÃO INFORMADO,True,NÃO INFORMADO
70,2017-07-27,00:00:00,42,IBIRACU,ARICANGA,ARMA BRANCA,PARDA,NÃO INFORMADO,False,VIA PÚBLICA,2017,7,4,MADRUGADA,40-59,True,NÃO INFORMADO
71,2017-07-31,20:57:00,36,SAO GABRIEL DA PALHA,SANTA HELENA,ARMA DE FOGO,PARDA,EX-COMPANHEIRO,True,NÃO INFORMADO,2017,7,1,NOITE,30-39,True,EX-PARCEIRO
72,2017-07-31,16:43:00,53,RIO BANANAL,SANTA RITA,ARMA BRANCA,BRANCA,NÃO INFORMADO,False,NÃO INFORMADO,2017,7,1,TARDE,40-59,False,NÃO INFORMADO
73,2017-04-08,23:29:00,26,IBATIBA,CENTRO,OUTROS MEIOS,PARDA,NAMORADO,True,RESIDÊNCIA,2017,4,6,NOITE,18-29,True,PARCEIRO ÍNTIMO
74,2017-06-08,00:00:00,21,ALTO RIO NOVO,ALTO RIO NOVO,ARMA BRANCA,PARDA,EX-NAMORADO,True,RESIDÊNCIA,2017,6,4,MADRUGADA,18-29,True,EX-PARCEIRO
75,2017-07-08,13:31:00,53,CARIACICA,SANTA LUZIA,ARMA BRANCA,PRETA,NÃO INFORMADO,False,VIA PÚBLICA,2017,7,6,TARDE,40-59,True,NÃO INFORMADO
76,2017-09-08,23:19:00,36,LINHARES,NOVA ESPERANCA,ARMA BRANCA,PRETA,NÃO INFORMADO,False,VIA PÚBLICA,2017,9,5,NOITE,30-39,True,NÃO INFORMADO
77,2017-09-08,23:31:00,36,NOVA VENECIA,CENTRO,ARMA DE FOGO,PARDA,NÃO INFORMADO,False,NÃO INFORMADO,2017,9,5,NOITE,30-39,True,NÃO INFORMADO
78,2017-08-16,17:05:00,30,VILA VELHA,XURY,ARMA BRANCA,PARDA,NÃO INFORMADO,False,VIA PÚBLICA,2017,8,3,TARDE,30-39,True,NÃO INFORMADO
79,2017-08-17,22:05:00,30,CACHOEIRO DE ITAPEMIRIM,PARAISO,ARMA BRANCA,BRANCA,EX-COMPANHEIRO,True,VIA PÚBLICA,2017,8,4,NOITE,30-39,False,EX-PARCEIRO
80,2017-08-19,10:45:00,48,CONCEICAO DA BARRA,SANTO AMARO,ARMA DE FOGO,PARDA,NÃO INFORMADO,True,RESIDÊNCIA,2017,8,6,MANHÃ,40-59,True,NÃO INFORMADO
81,2017-08-20,05:04:00,20,VITORIA,SAO JOSE,ARMA BRANCA,PARDA,NÃO INFORMADO,False,VIA PÚBLICA,2017,8,7,MADRUGADA,18-29,True,NÃO INFORMADO
82,2017-08-21,20:16:00,16,SERRA,ZONA RURAL,ARMA BRANCA,PARDA,NÃO INFORMADO,False,VIA PÚBLICA,2017,8,1,NOITE,0-17,True,NÃO INFORMADO
83,2017-08-22,06:17:00,16,VILA VELHA,VALE ENCANTADO,ARMA BRANCA,PARDA,NÃO INFORMADO,False,VIA PÚBLICA,2017,8,2,MANHÃ,0-17,True,NÃO INFORMADO
84,2017-08-24,21:02:00,24,SERRA,COLINA DE LARANJEIRAS,OUTROS MEIOS,PARDA,EX-NAMORADO,True,NÃO INFORMADO,2017,8,4,NOITE,18-29,True,EX-PARCEIRO
85,2017-08-24,09:12:00,29,JOAO NEIVA,SANTO AFONSO,OUTROS MEIOS,PRETA,NÃO INFORMADO,False,VIA PÚBLICA,2017,8,4,MANHÃ,18-29,True,NÃO INFORMADO
86,2017-08-25,00:00:00,34,DOMINGOS MARTINS,ALTO PARAJU,ARMA DE FOGO,BRANCA,COMPANHEIRO,True,VIA PÚBLICA,2017,8,5,MADRUGADA,30-39,False,PARCEIRO ÍNTIMO
87,2017-08-25,00:07:00,27,FUNDAO,ZONA RURAL,ARMA BRANCA,PARDA,NÃO INFORMADO,False,VIA PÚBLICA,2017,8,5,MADRUGADA,18-29,True,NÃO INFORMADO
88,2017-08-26,08:09:00,15,LINHARES,POVOACAO,ARMA BRANCA,PARDA,NÃO INFORMADO,False,VIA PÚBLICA,2017,8,6,MANHÃ,0-17,True,NÃO INFORMADO
89,2017-08-27,15:22:00,30,DIVINO DE SAO LOURENCO,CABECEIRA DO LIMO VERDE,ARMA BRANCA,BRANCA,MARIDO,True,TERRENO BALDIO / MATA,2017,8,7,TARDE,30-39,False,PARCEIRO ÍNTIMO
90,2017-08-31,07:50:00,20,CARIACICA,SOTELANDIA,ARMA BRANCA,PARDA,NÃO INFORMADO,False,VIA PÚBLICA,2017,8,4,MANHÃ,18-29,True,NÃO INFORMADO
91,2017-02-09,19:49:00,52,SAO MATEUS,RIBEIRAO,ARMA DE FOGO,PRETA,NÃO INFORMADO,False,VIA PÚBLICA,2017,2,4,NOITE,40-59,True,NÃO INFORMADO
92,2017-05-09,14:20:00,24,VILA VALERIO,JURANA,ARMA DE FOGO,PARDA,NÃO INFORMADO,False,RESIDÊNCIA,2017,5,2,TARDE,18-29,True,NÃO INFORMADO
93,2017-09-15,19:19:00,38,VITORIA,MARUIPE,ARMA BRANCA,PARDA,EX-MARIDO,True,NÃO INFORMADO,2017,9,5,NOITE,30-39,True,EX-PARCEIRO
94,2017-09-18,08:43:00,26,CARIACICA,PORTO NOVO,ARMA BRANCA,PARDA,NÃO INFORMADO,False,VIA PÚBLICA,2017,9,1,MANHÃ,18-29,True,NÃO INFORMADO
95,2017-09-19,06:03:00,70,VARGEM ALTA,VILA MARIA,ARMA DE FOGO,BRANCA,PARENTE,True,NÃO INFORMADO,2017,9,2,MANHÃ,60+,False,FAMILIAR
96,2017-09-21,23:48:00,28,LINHARES,BNH,ARMA BRANCA,PARDA,NÃO INFORMADO,False,VIA PÚBLICA,2017,9,4,NOITE,18-29,True,NÃO INFORMADO
97,2017-09-21,23:48:00,21,LINHARES,SHELL,ARMA BRANCA,PARDA,NÃO INFORMADO,False,VIA PÚBLICA,2017,9,4,NOITE,18-29,True,NÃO INFORMADO
98,2017-09-25,21:02:00,34,VILA VALERIO,NOSSA SENHORA DA PENHA,ARMA BRANCA,PARDA,NÃO INFORMADO,False,VIA PÚBLICA,2017,9,1,NOITE,30-39,True,NÃO INFORMADO
99,2017-09-26,20:32:00,26,CARIACICA,PIRANEMA,ARMA BRANCA,PARDA,NÃO INFORMADO,False,VIA PÚBLICA,2017,9,2,NOITE,18-29,True,NÃO INFORMADO
100,2017-09-26,19:25:00,46,CASTELO,SANTA JUSTA,ARMA BRANCA,BRANCA,MARIDO,True,VIA PÚBLICA,2017,9,2,NOITE,40-59,False,PARCEIRO ÍNTIMO
101,2017-09-30,20:00:00,16,COLATINA,COLUMBIA,ARMA BRANCA,BRANCA,NÃO INFORMADO,False,VIA PÚBLICA,2017,9,6,NOITE,0-17,False,NÃO INFORMADO
102,2017-05-10,20:03:00,65,SERRA,CANTINHO DO CEU,OUTROS MEIOS,PRETA,NÃO INFORMADO,False,NÃO INFORMADO,2017,5,3,NOITE,60+,True,NÃO INFORMADO
103,2017-09-10,11:29:00,35,ITAPEMIRIM,ITAIPAVA,ARMA BRANCA,PARDA,MARIDO,True,VIA PÚBLICA,2017,9,7,MANHÃ,30-39,True,PARCEIRO ÍNTIMO
104,2017-09-10,23:14:00,18,VIANA,MARCILIO DE NORONHA,ARMA DE FOGO,PARDA,NAMORADO,True,RESIDÊNCIA,2017,9,7,NOITE,18-29,True,PARCEIRO ÍNTIMO
105,2017-10-10,19:16:00,19,CARIACICA,PADRE GABRIEL,ARMA BRANCA,PARDA,NÃO INFORMADO,False,VIA PÚBLICA,2017,10,2,NOITE,18-29,True,NÃO INFORMADO
106,2017-10-14,11:25:00,48,VILA VELHA,SANTA MONICA POPULAR,OUTROS MEIOS,BRANCA,NÃO INFORMADO,False,RESIDÊNCIA,2017,10,6,MANHÃ,40-59,False,NÃO INFORMADO
107,2017-10-14,07:30:00,19,MARILANDIA,ZONA RURAL,OUTROS MEIOS,PRETA,NÃO INFORMADO,False,RESIDÊNCIA,2017,10,6,MANHÃ,18-29,True,NÃO INFORMADO
108,2017-10-16,11:46:00,44,SERRA,JARDIM LIMOEIRO,ARMA DE FOGO,PARDA,NÃO INFORMADO,False,RESIDÊNCIA,2017,10,1,MANHÃ,40-59,True,NÃO INFORMADO
109,2017-10-22,08:53:00,41,RIO NOVO DO SUL,VIRGINIA NOVA,ARMA DE FOGO,BRANCA,MARIDO,True,NÃO INFORMADO,2017,10,7,MANHÃ,40-59,False,PARCEIRO ÍNTIMO
110,2017-10-23,09:40:00,38,GOVERNADOR LINDENBERG,NOVO BRASIL,ARMA DE FOGO,BRANCA,NÃO INFORMADO,False,RESIDÊNCIA,2017,10,1,MANHÃ,30-39,False,NÃO INFORMADO
111,2017-10-23,00:00:00,35,CACHOEIRO DE ITAPEMIRIM,MONTE CRISTO,OUTROS MEIOS,BRANCA,EX-COMPANHEIRO,True,VIA PÚBLICA,2017,10,1,MADRUGADA,30-39,False,EX-PARCEIRO
112,2017-10-26,21:30:00,,SAO MATEUS,GURIRI,ARMA DE FOGO,PARDA,NÃO INFORMADO,False,VIA PÚBLICA,2017,10,4,NOITE,NÃO INFORMADO,True,NÃO INFORMADO
113,2017-10-30,10:02:52,15,ARACRUZ,JACUPEMBA,ARMA BRANCA,NÃO INFORMADO,NÃO INFORMADO,False,VIA PÚBLICA,2017,10,1,MANHÃ,0-17,,NÃO INFORMADO
114,2017-10-30,16:25:28,26,SERRA,SERRA DOURADA I,ARMA BRANCA,PRETA,NÃO INFORMADO,False,VIA PÚBLICA,2017,10,1,TARDE,18-29,True,NÃO INFORMADO
115,2017-10-31,06:14:28,52,CARIACICA,JARDIM AMERICA,ARMA BRANCA,PARDA,NÃO INFORMADO,False,NÃO INFORMADO,2017,10,2,MANHÃ,40-59,True,NÃO INFORMADO
116,2017-01-11,20:57:00,21,VILA VELHA,ARIBIRI,ARMA BRANCA,PARDA,NÃO INFORMADO,False,NÃO INFORMADO,2017,1,3,NOITE,18-29,True,NÃO INFORMADO
117,2017-03-11,02:10:00,28,VITORIA,INHANGUETA,ARMA BRANCA,PARDA,NÃO INFORMADO,False,RESIDÊNCIA,2017,3,6,MADRUGADA,18-29,True,NÃO INFORMADO
118,2017-10-11,14:45:00,12,VIANA,UNIVERSAL,OUTROS MEIOS,PARDA,NÃO INFORMADO,False,NÃO INFORMADO,2017,10,3,TARDE,0-17,True,NÃO INFORMADO
119,2017-12-11,16:18:00,73,VENDA NOVA DO IMIGRANTE,VILA BETANEA,ARMA BRANCA,BRANCA,NÃO INFORMADO,False,RESIDÊNCIA,2017,12,1,TARDE,60+,False,NÃO INFORMADO
120,2017-11-15,03:25:00,29,VITORIA,GURIGICA,ARMA BRANCA,PARDA,NÃO INFORMADO,False,VIA PÚBLICA,2017,11,3,MADRUGADA,18-29,True,NÃO INFORMADO
121,2017-11-15,13:17:00,,VITORIA,ILHA DO PRINCIPE,ARMA BRANCA,PARDA,NÃO INFORMADO,False,VIA PÚBLICA,2017,11,3,TARDE,NÃO INFORMADO,True,NÃO INFORMADO
122,2017-11-28,08:52:00,,SERRA,VILA NOVA DE COLARES,ARMA BRANCA,PARDA,NÃO INFORMADO,False,VIA PÚBLICA,2017,11,2,MANHÃ,NÃO INFORMADO,True,NÃO INFORMADO
123,2017-01-12,18:12:00,34,CASTELO,PATRIMONIO DO OURO,OUTROS MEIOS,PARDA,EX-MARIDO,True,NÃO INFORMADO,2017,1,4,NOITE,30-39,True,EX-PARCEIRO
124,2017-04-12,07:38:00,30,VILA VELHA,BARRAMARES,ARMA DE FOGO,PARDA,NÃO INFORMADO,False,VIA PÚBLICA,2017,4,3,MANHÃ,30-39,True,NÃO INFORMADO
125,2017-10-12,18:16:00,35,VILA VELHA,ARIBIRI,ARMA DE FOGO,BRANCA,COMPANHEIRO,True,RESIDÊNCIA,2017,10,4,NOITE,30-39,False,PARCEIRO ÍNTIMO
126,2017-10-12,21:48:00,56,SERRA,VILA NOVA DE COLARES,ARMA BRANCA,BRANCA,NÃO INFORMADO,False,VIA PÚBLICA,2017,10,4,NOITE,40-59,False,NÃO INFORMADO
127,2017-11-12,00:20:00,53,NOVA VENECIA,BONFIM,ARMA BRANCA,PARDA,NÃO INFORMADO,False,RESIDÊNCIA,2017,11,7,MADRUGADA,40-59,True,NÃO INFORMADO
128,2017-12-15,08:01:00,18,SERRA,CASCATA,ARMA BRANCA,PARDA,NÃO INFORMADO,False,VIA PÚBLICA,2017,12,5,MANHÃ,18-29,True,NÃO INFORMADO
129,2017-12-17,17:19:00,15,VITORIA,SANTA MARTA,ARMA BRANCA,BRANCA,NÃO INFORMADO,False,NÃO INFORMADO,2017,12,7,TARDE,0-17,False,NÃO INFORMADO
130,2017-12-18,15:47:00,13,SAO MATEUS,SAO PEDRO,ARMA BRANCA,PARDA,NÃO INFORMADO,False,NÃO INFORMADO,2017,12,1,TARDE,0-17,True,NÃO INFORMADO
131,2017-12-20,23:20:00,27,COLATINA,SANTO ANTONIO,ARMA BRANCA,PARDA,EX-NAMORADO,True,VIA PÚBLICA,2017,12,3,NOITE,18-29,True,EX-PARCEIRO
132,2017-12-24,07:47:00,29,SERRA,GUARACIABA,ARMA DE FOGO,PARDA,EX-COMPANHEIRO,True,RESIDÊNCIA,2017,12,7,MANHÃ,18-29,True,EX-PARCEIRO
133,2017-12-30,19:07:21,35,VITORIA,JARDIM CAMBURI,ARMA DE FOGO,BRANCA,MARIDO,True,NÃO INFORMADO,2017,12,6,NOITE,30-39,False,PARCEIRO ÍNTIMO
134,2018-01-01,16:17:36,37,CARIACICA,NOVA ROSA DA PENHA,ARMA DE FOGO,PARDA,CONHECIDO,False,VIA PÚBLICA,2018,1,1,TARDE,30-39,True,CONHECIDO
135,2018-05-01,23:51:42,49,PRESIDENTE KENNEDY,SANTA LUCIA,ARMA BRANCA,PARDA,NÃO INFORMADO,False,VIA PÚBLICA,2018,5,2,NOITE,40-59,True,NÃO INFORMADO
136,2018-06-01,22:46:58,13,LINHARES,SANTA CRUZ,ARMA BRANCA,NÃO INFORMADO,CONHECIDO,False,VIA PÚBLICA,2018,6,5,NOITE,0-17,,CONHECIDO
137,2018-07-01,23:25:14,42,VILA VELHA,IBES,ARMA BRANCA,PRETA,NÃO INFORMADO,False,VIA PÚBLICA,2018,7,7,NOITE,40-59,True,NÃO INFORMADO
138,2018-09-01,20:05:34,42,ITAPEMIRIM,CENTRO,ARMA BRANCA,PARDA,COMPANHEIRO,True,VIA PÚBLICA,2018,9,6,NOITE,40-59,True,PARCEIRO ÍNTIMO
139,2018-09-01,20:05:00,25,CARIACICA,PORTO DE CARIACICA,ARMA BRANCA,PARDA,NÃO INFORMADO,False,VIA PÚBLICA,2018,9,6,NOITE,18-29,True,NÃO INFORMADO
140,2018-01-14,06:34:04,33,BARRA DE SAO FRANCISCO,BAIRRO COLINA,ARMA BRANCA,PRETA,NÃO INFORMADO,False,VIA PÚBLICA,2018,1,7,MANHÃ,30-39,True,NÃO INFORMADO
141,2018-01-18,14:51:00,30,VILA VELHA,SAO TORQUATO,OUTROS MEIOS,PARDA,MARIDO,True,NÃO INFORMADO,2018,1,4,TARDE,30-39,True,PARCEIRO ÍNTIMO
142,2018-01-19,21:54:26,56,SERRA,JARDIM LIMOEIRO,ARMA BRANCA,PARDA,NÃO INFORMADO,False,VIA PÚBLICA,2018,1,5,NOITE,40-59,True,NÃO INFORMADO
143,2018-01-20,15:15:52,35,VILA VELHA,ILHA DA CONCEICAO,ARMA BRANCA,PARDA,NÃO INFORMADO,False,NÃO INFORMADO,2018,1,6,TARDE,30-39,True,NÃO INFORMADO
144,2018-01-20,00:08:37,32,SERRA,NOVO HORIZONTE,ARMA DE FOGO,PARDA,MARIDO,True,RESIDÊNCIA,2018,1,6,MADRUGADA,30-39,True,PARCEIRO ÍNTIMO
145,2018-01-25,21:57:08,44,SOORETAMA,PARQUE SAO JORGE,ARMA BRANCA,PARDA,NÃO INFORMADO,False,VIA PÚBLICA,2018,1,4,NOITE,40-59,True,NÃO INFORMADO
146,2018-01-28,19:12:11,42,SAO JOSE DO CALCADO,CENTRO,ARMA DE FOGO,NÃO INFORMADO,MARIDO,True,VIA PÚBLICA,2018,1,7,NOITE,40-59,,PARCEIRO ÍNTIMO
147,2018-02-14,00:17:00,24,SAO MATEUS,GURIRI,ARMA BRANCA,BRANCA,NÃO INFORMADO,False,VIA PÚBLICA,2018,2,3,MADRUGADA,18-29,False,NÃO INFORMADO
148,2018-02-15,00:00:00,23,CACHOEIRO DE ITAPEMIRIM,ALTO NOVO PARQUE,ARMA BRANCA,PRETA,NÃO INFORMADO,False,VIA PÚBLICA,2018,2,4,MADRUGADA,18-29,True,NÃO INFORMADO
149,2018-02-19,21:11:00,53,VILA VELHA,ALVORADA,ARMA DE FOGO,PARDA,NAMORADO,True,VIA PÚBLICA,2018,2,1,NOITE,40-59,True,PARCEIRO ÍNTIMO
150,2018-02-20,16:49:00,37,NOVA VENECIA,GUARAREMA,OUTROS MEIOS,PARDA,NÃO INFORMADO,False,VIA PÚBLICA,2018,2,2,TARDE,30-39,True,NÃO INFORMADO
151,2018-02-25,20:19:00,,PANCAS,ZONA RURAL,ARMA BRANCA,PARDA,CONHECIDO,False,NÃO INFORMADO,2018,2,7,NOITE,NÃO INFORMADO,True,CONHECIDO
152,2018-02-25,00:00:00,18,VILA VALERIO,ZONA RURAL,ARMA BRANCA,PARDA,NÃO INFORMADO,False,VIA PÚBLICA,2018,2,7,MADRUGADA,18-29,True,NÃO INFORMADO
153,2018-04-03,01:58:28,20,VILA VELHA,PLANALTO,OUTROS MEIOS,PARDA,MARIDO,True,RESIDÊNCIA,2018,4,2,MADRUGADA,18-29,True,PARCEIRO ÍNTIMO
154,2018-11-03,18:36:43,21,CACHOEIRO DE ITAPEMIRIM,MONTE CRISTO,ARMA BRANCA,PARDA,NÃO INFORMADO,False,VIA PÚBLICA,2018,11,6,NOITE,18-29,True,NÃO INFORMADO
155,2018-03-17,00:02:45,17,IBIRACU,RESIDENCIAL FRANCISCO CAMPAGNARO,ARMA DE FOGO,PARDA,NÃO INFORMADO,False,ESTABELECIMENTO COMERCIAL,2018,3,6,MADRUGADA,0-17,True,NÃO INFORMADO
156,2018-03-17,02:20:42,53,IRUPI,ZONA RURAL,ARMA BRANCA,BRANCA,COMPANHEIRO,True,RESIDÊNCIA,2018,3,6,MADRUGADA,40-59,False,PARCEIRO ÍNTIMO
157,2018-03-22,21:25:15,17,SOORETAMA,PARQUE SAO JORGE,ARMA BRANCA,PARDA,NÃO INFORMADO,False,VIA PÚBLICA,2018,3,4,NOITE,0-17,True,NÃO INFORMADO
158,2018-03-27,05:04:00,25,SERRA,CIDADE CONTINENTAL,OUTROS MEIOS,PARDA,NAMORADO,True,NÃO INFORMADO,2018,3,2,MADRUGADA,18-29,True,PARCEIRO ÍNTIMO
159,2018-03-27,01:15:58,17,LINHARES,INTERLAGOS,ARMA BRANCA,PARDA,NÃO INFORMADO,False,VIA PÚBLICA,2018,3,2,MADRUGADA,0-17,True,NÃO INFORMADO
160,2018-03-30,23:00:10,20,ARACRUZ,FATIMA,ARMA DE FOGO,BRANCA,NAMORADO,True,VIA PÚBLICA,2018,3,5,NOITE,18-29,False,PARCEIRO ÍNTIMO
161,2018-01-04,00:00:00,24,SAO MATEUS,BOM SUCESSO,ARMA BRANCA,PARDA,NÃO INFORMADO,False,VIA PÚBLICA,2018,1,4,MADRUGADA,18-29,True,NÃO INFORMADO
162,2018-02-04,15:36:00,29,LINHARES,HUMAITA,ARMA DE FOGO,PRETA,MARIDO,True,RESIDÊNCIA,2018,2,7,TARDE,18-29,True,PARCEIRO ÍNTIMO
163,2018-06-04,07:53:00,38,ITAPEMIRIM,ITAIPAVA,OUTROS MEIOS,PARDA,MARIDO,True,NÃO INFORMADO,2018,6,1,MANHÃ,30-39,True,PARCEIRO ÍNTIMO
164,2018-09-04,03:52:00,35,CONCEICAO DA BARRA,CENTRO,ARMA DE FOGO,PARDA,NÃO INFORMADO,False,VIA PÚBLICA,2018,9,2,MADRUGADA,30-39,True,NÃO INFORMADO
165,2018-04-20,08:23:00,32,GUARAPARI,COROADO,ARMA BRANCA,PARDA,NÃO INFORMADO,False,VIA PÚBLICA,2018,4,5,MANHÃ,30-39,True,NÃO INFORMADO
166,2018-04-21,12:21:00,23,SERRA,NOVO HORIZONTE,ARMA BRANCA,PARDA,NÃO INFORMADO,False,VIA PÚBLICA,2018,4,6,TARDE,18-29,True,NÃO INFORMADO
167,2018-04-21,16:37:00,18,LINHARES,NOVA ESPERANCA,ARMA BRANCA,PARDA,NÃO INFORMADO,False,RESIDÊNCIA,2018,4,6,TARDE,18-29,True,NÃO INFORMADO
168,2018-01-05,21:34:54,24,CARIACICA,NOVA ROSA DA PENHA,ARMA BRANCA,PRETA,NÃO INFORMADO,False,VIA PÚBLICA,2018,1,5,NOITE,18-29,True,NÃO INFORMADO
169,2018-04-05,20:33:36,43,VILA VELHA,CENTRO,ARMA BRANCA,BRANCA,NÃO INFORMADO,False,VIA PÚBLICA,2018,4,4,NOITE,40-59,False,NÃO INFORMADO
170,2018-12-05,21:48:39,23,MANTENOPOLIS,DISTRITO SANTA LUZIA,ARMA BRANCA,PARDA,NÃO INFORMADO,False,VIA PÚBLICA,2018,12,3,NOITE,18-29,True,NÃO INFORMADO
171,2018-05-18,04:52:37,,SERRA,SAO GERALDO,ARMA BRANCA,PARDA,NÃO INFORMADO,False,VIA PÚBLICA,2018,5,5,MADRUGADA,NÃO INFORMADO,True,NÃO INFORMADO
172,2018-05-21,07:35:50,53,CARIACICA,APARECIDA,OUTROS MEIOS,PARDA,NÃO INFORMADO,False,VIA PÚBLICA,2018,5,1,MANHÃ,40-59,True,NÃO INFORMADO
173,2018-05-26,09:38:34,57,VITORIA,INHANGUETA,ARMA BRANCA,PARDA,MARIDO,True,RESIDÊNCIA,2018,5,6,MANHÃ,40-59,True,PARCEIRO ÍNTIMO
174,2018-05-26,01:09:03,29,VILA VELHA,SANTA RITA,ARMA BRANCA,PARDA,NÃO INFORMADO,False,VIA PÚBLICA,2018,5,6,MADRUGADA,18-29,True,NÃO INFORMADO
175,2018-02-06,03:32:00,36,VITORIA,BONFIM,ARMA BRANCA,BRANCA,NÃO INFORMADO,False,RESIDÊNCIA,2018,2,2,MADRUGADA,30-39,False,NÃO INFORMADO
176,2018-05-06,20:43:51,57,SERRA,BAIRRO DAS LARANJEIRAS,ARMA DE FOGO,PARDA,NÃO INFORMADO,False,RESIDÊNCIA,2018,5,7,NOITE,40-59,True,NÃO INFORMADO
177,2018-07-06,18:57:28,24,ATILIO VIVACQUA,MORRO ALTO NITEROI,ARMA BRANCA,PRETA,MARIDO,True,NÃO INFORMADO,2018,7,5,NOITE,18-29,True,PARCEIRO ÍNTIMO
178,2018-06-14,23:24:20,52,COLATINA,SAO VICENTE,ARMA DE FOGO,PARDA,MARIDO,True,NÃO INFORMADO,2018,6,4,NOITE,40-59,True,PARCEIRO ÍNTIMO
179,2018-06-22,15:29:32,23,PINHEIROS,ZONA RURAL,ARMA DE FOGO,PARDA,MARIDO,True,ZONA RURAL,2018,6,5,TARDE,18-29,True,PARCEIRO ÍNTIMO
180,2018-06-28,19:02:56,25,PINHEIROS,PINHEIRINHO,ARMA BRANCA,NÃO INFORMADO,NÃO INFORMADO,False,NÃO INFORMADO,2018,6,4,NOITE,18-29,,NÃO INFORMADO
181,2018-01-07,10:29:29,53,CACHOEIRO DE ITAPEMIRIM,SAO VICENTE,ARMA DE FOGO,PARDA,MARIDO,True,RESIDÊNCIA,2018,1,7,MANHÃ,40-59,True,PARCEIRO ÍNTIMO
182,2018-08-07,08:57:24,39,JOAO NEIVA,CRUBIXA,ARMA DE FOGO,PRETA,MARIDO,True,RESIDÊNCIA,2018,8,2,MANHÃ,30-39,True,PARCEIRO ÍNTIMO
183,2018-11-07,14:58:12,15,SERRA,PARQUE RESIDENCIAL TUBARAO,ARMA BRANCA,PARDA,NÃO INFORMADO,False,VIA PÚBLICA,2018,11,3,TARDE,0-17,True,NÃO INFORMADO
184,2018-07-13,22:46:58,39,SAO MATEUS,BOM SUCESSO,ARMA DE FOGO,PARDA,NAMORADO,True,VIA PÚBLICA,2018,7,5,NOITE,30-39,True,PARCEIRO ÍNTIMO
185,2018-07-20,20:38:25,22,SERRA,CAMPINHO DA SERRA II,ARMA BRANCA,PARDA,NÃO INFORMADO,False,VIA PÚBLICA,2018,7,5,NOITE,18-29,True,NÃO INFORMADO
186,2018-07-20,23:04:05,,LINHARES,POVOACAO,ARMA BRANCA,PARDA,COMPANHEIRO,True,RESIDÊNCIA,2018,7,5,NOITE,NÃO INFORMADO,True,PARCEIRO ÍNTIMO
187,2018-07-24,09:26:26,36,CARIACICA,VILA PRUDENCIO,OUTROS MEIOS,BRANCA,MARIDO,True,VIA PÚBLICA,2018,7,2,MANHÃ,30-39,False,PARCEIRO ÍNTIMO
188,2018-01-08,13:50:59,19,SAO GABRIEL DA PALHA,CACHOEIRA DA ONCA,ARMA BRANCA,PARDA,CONHECIDO,False,VIA PÚBLICA,2018,1,1,TARDE,18-29,True,CONHECIDO
189,2018-03-08,16:17:28,26,ITAPEMIRIM,ITAIPAVA,ARMA BRANCA,PARDA,NÃO INFORMADO,False,VIA PÚBLICA,2018,3,4,TARDE,18-29,True,NÃO INFORMADO
190,2018-03-08,10:40:50,50,SAO MATEUS,CACIQUE,ARMA BRANCA,PARDA,NÃO INFORMADO,False,VIA PÚBLICA,2018,3,4,MANHÃ,40-59,True,NÃO INFORMADO
191,2018-07-08,22:04:01,21,CARIACICA,TABAJARA,ARMA DE FOGO,PARDA,NÃO INFORMADO,False,VIA PÚBLICA,2018,7,7,NOITE,18-29,True,NÃO INFORMADO
192,2018-08-08,11:00:00,29,ANCHIETA,NOVA ANCHIETA,ARMA BRANCA,PARDA,NÃO INFORMADO,False,RESIDÊNCIA,2018,8,3,MANHÃ,18-29,True,NÃO INFORMADO
193,2018-09-08,18:36:02,47,IRUPI,SANTA CLARA DA LARANJA,ARMA BRANCA,PARDA,CONHECIDO,True,RESIDÊNCIA,2018,9,6,NOITE,40-59,True,CONHECIDO
194,2018-08-18,22:26:17,24,VILA VELHA,MORADA DA BARRA,ARMA BRANCA,PARDA,NÃO INFORMADO,False,VIA PÚBLICA,2018,8,6,NOITE,18-29,True,NÃO INFORMADO
195,2018-08-18,04:20:49,19,SERRA,PARQUE RESIDENCIAL LARANJEIRAS,ARMA BRANCA,PARDA,NÃO INFORMADO,False,ESTABELECIMENTO COMERCIAL,2018,8,6,MADRUGADA,18-29,True,NÃO INFORMADO
196,2018-08-25,12:58:02,25,CONCEICAO DA BARRA,SANTO AMARO,ARMA BRANCA,NÃO INFORMADO,NÃO INFORMADO,False,VIA PÚBLICA,2018,8,6,TARDE,18-29,,NÃO INFORMADO
197,2018-08-27,12:28:13,41,VITORIA,PRAIA DO CANTO,ARMA DE FOGO,PARDA,NÃO INFORMADO,False,NÃO INFORMADO,2018,8,1,TARDE,40-59,True,NÃO INFORMADO
198,2018-02-09,11:35:00,60,LINHARES,CENTRO,OUTROS MEIOS,BRANCA,PARENTE,True,NÃO INFORMADO,2018,2,5,MANHÃ,60+,False,FAMILIAR
199,2018-03-09,10:17:41,15,VITORIA,CONQUISTA,OUTROS MEIOS,PARDA,NÃO INFORMADO,False,VIA PÚBLICA,2018,3,5,MANHÃ,0-17,True,NÃO INFORMADO
200,2018-04-09,21:08:25,47,SERRA,SAO MARCOS III,ARMA BRANCA,PARDA,NÃO INFORMADO,False,VIA PÚBLICA,2018,4,1,NOITE,40-59,True,NÃO INFORMADO
201,2018-09-09,18:40:52,34,RIO BANANAL,SANTO ANTONIO,ARMA BRANCA,PARDA,EX-MARIDO,True,VIA PÚBLICA,2018,9,7,NOITE,30-39,True,EX-PARCEIRO
202,2018-09-16,20:16:07,35,CONCEICAO DA BARRA,FLORESTA,ARMA DE FOGO,PARDA,EX-MARIDO,True,RESIDÊNCIA,2018,9,7,NOITE,30-39,True,EX-PARCEIRO
203,2018-09-18,11:39:00,,SERRA,SANTO ANTONIO,OUTROS MEIOS,PARDA,NÃO INFORMADO,False,NÃO INFORMADO,2018,9,2,MANHÃ,NÃO INFORMADO,True,NÃO INFORMADO
204,2018-09-23,18:43:40,21,SAO MATEUS,BELA VISTA,ARMA BRANCA,PARDA,COMPANHEIRO,True,VIA PÚBLICA,2018,9,7,NOITE,18-29,True,PARCEIRO ÍNTIMO
205,2018-04-10,20:36:18,49,SERRA,CASTELANDIA,ARMA BRANCA,PARDA,NÃO INFORMADO,False,RESIDÊNCIA,2018,4,2,NOITE,40-59,True,NÃO INFORMADO
206,2018-09-10,07:29:23,19,SERRA,CENTRAL CARAPINA,OUTROS MEIOS,PARDA,NÃO INFORMADO,False,VIA PÚBLICA,2018,9,1,MANHÃ,18-29,True,NÃO INFORMADO
207,2018-10-13,16:48:28,37,LINHARES,DESENGANO,ARMA BRANCA,PRETA,MARIDO,True,RESIDÊNCIA,2018,10,6,TARDE,30-39,True,PARCEIRO ÍNTIMO
208,2018-10-17,11:15:00,14,CACHOEIRO DE ITAPEMIRIM,TEIXEIRA LEITE,ARMA BRANCA,PARDA,NÃO INFORMADO,False,CURSO D'ÁGUA / REPRESA,2018,10,3,MANHÃ,0-17,True,NÃO INFORMADO
209,2018-10-18,15:22:23,23,LINHARES,REGENCIA,ARMA DE FOGO,BRANCA,COMPANHEIRO,True,VIA PÚBLICA,2018,10,4,TARDE,18-29,False,PARCEIRO ÍNTIMO
210,2018-10-19,17:37:10,18,IRUPI,CENTRO,ARMA BRANCA,NÃO INFORMADO,NÃO INFORMADO,False,NÃO INFORMADO,2018,10,5,TARDE,18-29,,NÃO INFORMADO
211,2018-10-20,21:32:53,33,JERONIMO MONTEIRO,SANTO ANTONIO,ARMA DE FOGO,PARDA,EX-MARIDO,True,VIA PÚBLICA,2018,10,6,NOITE,30-39,True,EX-PARCEIRO
212,2018-10-31,23:19:00,35,MARILANDIA,CENTRO,OUTROS MEIOS,PARDA,NAMORADO,True,NÃO INFORMADO,2018,10,3,NOITE,30-39,True,PARCEIRO ÍNTIMO
213,2018-06-11,20:30:07,59,SERRA,OURIMAR,ARMA BRANCA,PARDA,NÃO INFORMADO,False,RESIDÊNCIA,2018,6,1,NOITE,40-59,True,NÃO INFORMADO
214,2018-12-11,11:29:30,36,VIANA,SOTECO,OUTROS MEIOS,NÃO INFORMADO,NAMORADO,True,RESIDÊNCIA,2018,12,2,MANHÃ,30-39,,PARCEIRO ÍNTIMO
215,2018-12-11,14:53:03,25,SERRA,CARAPINA,ARMA BRANCA,PRETA,NÃO INFORMADO,False,NÃO INFORMADO,2018,12,2,TARDE,18-29,True,NÃO INFORMADO
216,2018-11-13,08:20:56,40,PINHEIROS,DOMICIANO,ARMA DE FOGO,PARDA,COMPANHEIRO,True,RESIDÊNCIA,2018,11,2,MANHÃ,40-59,True,PARCEIRO ÍNTIMO
217,2018-11-22,05:57:00,22,GUARAPARI,ZONA RURAL,ARMA BRANCA,NÃO INFORMADO,NÃO INFORMADO,False,RESIDÊNCIA,2018,11,4,MADRUGADA,18-29,,NÃO INFORMADO
218,2018-11-24,01:09:24,,LINHARES,SANTA CRUZ,ARMA BRANCA,NÃO INFORMADO,NÃO INFORMADO,False,VIA PÚBLICA,2018,11,6,MADRUGADA,NÃO INFORMADO,,NÃO INFORMADO
219,2018-11-24,07:25:19,43,LINHARES,CENTRO,ARMA BRANCA,BRANCA,NÃO INFORMADO,False,RESIDÊNCIA,2018,11,6,MANHÃ,40-59,False,NÃO INFORMADO
220,2018-11-27,10:59:15,60,CARIACICA,ITAQUARI,ARMA BRANCA,PARDA,NÃO INFORMADO,False,RESIDÊNCIA,2018,11,2,MANHÃ,60+,True,NÃO INFORMADO
221,2018-11-28,02:09:00,79,VILA VELHA,PRAIA DE ITAPARICA,OUTROS MEIOS,BRANCA,CONHECIDO,True,NÃO INFORMADO,2018,11,3,MADRUGADA,60+,False,CONHECIDO
222,2018-11-30,07:47:27,30,CARIACICA,FLOR DE PIRANEMA,ARMA BRANCA,PARDA,NÃO INFORMADO,False,VIA PÚBLICA,2018,11,5,MANHÃ,30-39,True,NÃO INFORMADO
223,2018-01-12,04:16:07,30,VITORIA,MONTE BELO,ARMA BRANCA,PARDA,NÃO INFORMADO,False,VIA PÚBLICA,2018,1,5,MADRUGADA,30-39,True,NÃO INFORMADO
224,2018-01-12,14:49:29,60,VITORIA,ARIOVALDO FAVALESSA,ARMA DE FOGO,PARDA,MARIDO,True,RESIDÊNCIA,2018,1,5,TARDE,60+,True,PARCEIRO ÍNTIMO
225,2018-12-15,23:47:27,41,BARRA DE SAO FRANCISCO,MONTE SENIR,ARMA DE FOGO,PARDA,MARIDO,True,NÃO INFORMADO,2018,12,6,NOITE,40-59,True,PARCEIRO ÍNTIMO
226,2018-12-22,15:56:01,27,LINHARES,SANTA CRUZ,ARMA BRANCA,PARDA,NÃO INFORMADO,False,VIA PÚBLICA,2018,12,6,TARDE,18-29,True,NÃO INFORMADO
227,2018-12-31,15:00:12,39,LINHARES,ZONA RURAL,ARMA DE FOGO,PARDA,NÃO INFORMADO,False,VIA PÚBLICA,2018,12,1,TARDE,30-39,True,NÃO INFORMADO
228,2019-02-01,00:11:38,35,VILA VELHA,SAO TORQUATO,ARMA DE FOGO,PARDA,NÃO INFORMADO,False,VIA PÚBLICA,2019,2,5,MADRUGADA,30-39,True,NÃO INFORMADO
229,2019-02-01,15:34:56,32,CARIACICA,MOXUARA,OUTROS MEIOS,PARDA,MARIDO,True,RESIDÊNCIA,2019,2,5,TARDE,30-39,True,PARCEIRO ÍNTIMO
230,2019-10-01,18:00:00,36,SERRA,CARAPINA GRANDE,OUTROS MEIOS,PARDA,MARIDO,True,NÃO INFORMADO,2019,10,2,NOITE,30-39,True,PARCEIRO ÍNTIMO
231,2019-01-15,01:56:08,36,SAO MATEUS,BOM SUCESSO,ARMA DE FOGO,PARDA,MARIDO,True,NÃO INFORMADO,2019,1,2,MADRUGADA,30-39,True,PARCEIRO ÍNTIMO
232,2019-01-21,22:28:52,64,LINHARES,INTERLAGOS,ARMA BRANCA,BRANCA,PARENTE,True,RESIDÊNCIA,2019,1,1,NOITE,60+,False,FAMILIAR
233,2019-01-24,00:13:50,36,SERRA,SAO GERALDO,ARMA BRANCA,PARDA,NÃO INFORMADO,False,RESIDÊNCIA,2019,1,4,MADRUGADA,30-39,True,NÃO INFORMADO
234,2019-01-24,16:58:46,19,GUACUI,CENTRO,ARMA DE FOGO,BRANCA,NÃO INFORMADO,False,VIA PÚBLICA,2019,1,4,TARDE,18-29,False,NÃO INFORMADO
235,2019-01-27,06:06:52,35,GUARAPARI,PONTAL DE SANTA MONICA,ARMA BRANCA,PARDA,EX-MARIDO,True,RESIDÊNCIA,2019,1,7,MANHÃ,30-39,True,EX-PARCEIRO
236,2019-01-28,05:38:47,60,SERRA,JOSE DE ANCHIETA,ARMA BRANCA,PARDA,NÃO INFORMADO,False,VIA PÚBLICA,2019,1,1,MADRUGADA,60+,True,NÃO INFORMADO
237,2019-06-02,00:11:17,25,ATILIO VIVACQUA,FLECHEIRA,ARMA DE FOGO,PARDA,MARIDO,True,VIA PÚBLICA,2019,6,7,MADRUGADA,18-29,True,PARCEIRO ÍNTIMO
238,2019-11-02,21:29:18,64,VIANA,AREINHA,ARMA DE FOGO,BRANCA,NÃO INFORMADO,False,RESIDÊNCIA,2019,11,6,NOITE,60+,False,NÃO INFORMADO
239,2019-02-14,07:16:00,33,VILA VALERIO,CENTRO,ARMA DE FOGO,PARDA,NÃO INFORMADO,False,NÃO INFORMADO,2019,2,4,MANHÃ,30-39,True,NÃO INFORMADO
240,2019-02-24,23:32:06,52,VILA VELHA,ATAIDE,ARMA BRANCA,PARDA,NÃO INFORMADO,False,VIA PÚBLICA,2019,2,7,NOITE,40-59,True,NÃO INFORMADO
241,2019-02-25,03:00:08,28,LINHARES,NOVA ESPERANCA,ARMA BRANCA,PARDA,NÃO INFORMADO,False,RESIDÊNCIA,2019,2,1,MADRUGADA,18-29,True,NÃO INFORMADO
242,2019-02-25,03:00:08,33,LINHARES,NOVA ESPERANCA,ARMA BRANCA,PARDA,NÃO INFORMADO,False,RESIDÊNCIA,2019,2,1,MADRUGADA,30-39,True,NÃO INFORMADO
243,2019-02-27,22:37:48,,SAO MATEUS,BOA VISTA,OUTROS MEIOS,PARDA,NÃO INFORMADO,False,VIA PÚBLICA,2019,2,3,NOITE,NÃO INFORMADO,True,NÃO INFORMADO
244,2019-03-03,06:38:43,28,SERRA,PORTO DOURADO,ARMA BRANCA,PARDA,NÃO INFORMADO,False,VIA PÚBLICA,2019,3,7,MANHÃ,18-29,True,NÃO INFORMADO
245,2019-03-15,07:00:00,57,MIMOSO DO SUL,CIDADE NOVA,OUTROS MEIOS,PARDA,EX-MARIDO,True,RESIDÊNCIA,2019,3,5,MANHÃ,40-59,True,EX-PARCEIRO
246,2019-03-25,05:50:32,24,LINHARES,INTERLAGOS I,ARMA BRANCA,PARDA,NÃO INFORMADO,False,ESTABELECIMENTO COMERCIAL,2019,3,1,MADRUGADA,18-29,True,NÃO INFORMADO
247,2019-03-25,05:50:32,33,LINHARES,INTERLAGOS I,ARMA BRANCA,PARDA,NÃO INFORMADO,False,ESTABELECIMENTO COMERCIAL,2019,3,1,MADRUGADA,30-39,True,NÃO INFORMADO
248,2019-03-30,02:58:53,28,JAGUARE,SEAC,OUTROS MEIOS,PARDA,NÃO INFORMADO,False,RESIDÊNCIA,2019,3,6,MADRUGADA,18-29,True,NÃO INFORMADO
249,2019-03-31,04:24:59,28,SERRA,BAIRRO DAS LARANJEIRAS,OUTROS MEIOS,PARDA,MARIDO,True,NÃO INFORMADO,2019,3,7,MADRUGADA,18-29,True,PARCEIRO ÍNTIMO
250,2019-01-04,05:36:55,12,COLATINA,SAO JUDAS TADEU,ARMA BRANCA,NÃO INFORMADO,NÃO INFORMADO,False,RESIDÊNCIA,2019,1,5,MADRUGADA,0-17,,NÃO INFORMADO
251,2019-10-04,10:30:04,,VILA VELHA,PRAIA DA COSTA,ARMA BRANCA,PARDA,NÃO INFORMADO,False,NÃO INFORMADO,2019,10,5,MANHÃ,NÃO INFORMADO,True,NÃO INFORMADO
252,2019-12-04,21:21:04,35,PANCAS,VILA VERDE,ARMA DE FOGO,PARDA,COMPANHEIRO,True,RESIDÊNCIA,2019,12,3,NOITE,30-39,True,PARCEIRO ÍNTIMO
253,2019-04-14,03:24:07,24,ALEGRE,DISTRITO DE RIVE,OUTROS MEIOS,PARDA,NÃO INFORMADO,False,VIA PÚBLICA,2019,4,7,MADRUGADA,18-29,True,NÃO INFORMADO
254,2019-04-16,16:49:01,35,SERRA,NOVO HORIZONTE,OUTROS MEIOS,PARDA,EX-MARIDO,True,RESIDÊNCIA,2019,4,2,TARDE,30-39,True,EX-PARCEIRO
255,2019-04-23,04:31:50,45,VILA VELHA,SANTA RITA,OUTROS MEIOS,PRETA,COMPANHEIRO,True,RESIDÊNCIA,2019,4,2,MADRUGADA,40-59,True,PARCEIRO ÍNTIMO
256,2019-04-26,22:21:07,36,CARIACICA,CAMPO VERDE,ARMA BRANCA,PRETA,NÃO INFORMADO,False,RESIDÊNCIA,2019,4,5,NOITE,30-39,True,NÃO INFORMADO
257,2019-04-26,23:50:00,43,ARACRUZ,VILA DO RIACHO,ARMA BRANCA,PARDA,NÃO INFORMADO,False,VIA PÚBLICA,2019,4,5,NOITE,40-59,True,NÃO INFORMADO
258,2019-04-30,20:58:46,24,VILA VELHA,NORMILIA DA CUNHA,ARMA BRANCA,PARDA,MARIDO,True,RESIDÊNCIA,2019,4,2,NOITE,18-29,True,PARCEIRO ÍNTIMO
259,2019-01-05,14:07:49,,BARRA DE SAO FRANCISCO,MORRO DA COLINA,OUTROS MEIOS,PRETA,NÃO INFORMADO,False,RESIDÊNCIA,2019,1,6,TARDE,NÃO INFORMADO,True,NÃO INFORMADO
260,2019-05-05,02:01:03,30,CARIACICA,APARECIDA,ARMA BRANCA,PARDA,NÃO INFORMADO,False,VIA PÚBLICA,2019,5,7,MADRUGADA,30-39,True,NÃO INFORMADO
261,2019-06-05,16:11:36,40,SAO MATEUS,SEAC,OUTROS MEIOS,BRANCA,MARIDO,True,NÃO INFORMADO,2019,6,3,TARDE,40-59,False,PARCEIRO ÍNTIMO
262,2019-12-05,02:30:09,45,CACHOEIRO DE ITAPEMIRIM,CONDURU,ARMA BRANCA,BRANCA,NÃO INFORMADO,False,RESIDÊNCIA,2019,12,4,MADRUGADA,40-59,False,NÃO INFORMADO
263,2019-05-14,07:28:37,73,SERRA,NOVO HORIZONTE,ARMA BRANCA,BRANCA,NÃO INFORMADO,False,RESIDÊNCIA,2019,5,2,MANHÃ,60+,False,NÃO INFORMADO
264,2019-05-19,04:15:33,23,VITORIA,REDENCAO,ARMA BRANCA,PRETA,NÃO INFORMADO,False,VIA PÚBLICA,2019,5,7,MADRUGADA,18-29,True,NÃO INFORMADO
265,2019-05-20,07:44:54,28,BARRA DE SAO FRANCISCO,ZONA RURAL,OUTROS MEIOS,NÃO INFORMADO,NÃO INFORMADO,False,NÃO INFORMADO,2019,5,1,MANHÃ,18-29,,NÃO INFORMADO
266,2019-05-20,12:28:42,14,COLATINA,VICENTE SOELA,OUTROS MEIOS,PARDA,NÃO INFORMADO,False,RESIDÊNCIA,2019,5,1,TARDE,0-17,True,NÃO INFORMADO
267,2019-07-06,15:33:31,33,VIANA,AREINHA,OUTROS MEIOS,NÃO INFORMADO,NÃO INFORMADO,False,NÃO INFORMADO,2019,7,6,TARDE,30-39,,NÃO INFORMADO
268,2019-10-06,00:05:29,65,SERRA,MORADA DE LARANJEIRAS,ARMA BRANCA,PARDA,EX-MARIDO,True,RESIDÊNCIA,2019,10,7,MADRUGADA,60+,True,EX-PARCEIRO
269,2019-06-14,23:24:00,66,CARIACICA,VISTA MAR,OUTROS MEIOS,NÃO INFORMADO,NÃO INFORMADO,False,NÃO INFORMADO,2019,6,5,NOITE,60+,,NÃO INFORMADO
270,2019-06-19,07:28:33,38,SERRA,JARDIM CARAPINA,ARMA BRANCA,PARDA,COMPANHEIRO,True,VIA PÚBLICA,2019,6,3,MANHÃ,30-39,True,PARCEIRO ÍNTIMO
271,2019-06-30,11:55:43,52,LINHARES,MOVELAR,ARMA BRANCA,PARDA,NÃO INFORMADO,False,RESIDÊNCIA,2019,6,7,MANHÃ,40-59,True,NÃO INFORMADO
272,2019-02-07,21:35:04,38,CARIACICA,NOVA CANAA,OUTROS MEIOS,PARDA,MARIDO,True,RESIDÊNCIA,2019,2,4,NOITE,30-39,True,PARCEIRO ÍNTIMO
273,2019-06-07,05:51:49,18,VITORIA,SAO PEDRO,ARMA BRANCA,PARDA,NÃO INFORMADO,False,VIA PÚBLICA,2019,6,5,MADRUGADA,18-29,True,NÃO INFORMADO
274,2019-07-17,04:13:47,25,SERRA,SAO MARCOS II,ARMA DE FOGO,PARDA,NAMORADO,True,VIA PÚBLICA,2019,7,3,MADRUGADA,18-29,True,PARCEIRO ÍNTIMO
275,2019-07-27,12:55:58,29,NOVA VENECIA,IOLANDA,ARMA BRANCA,BRANCA,NAMORADO,True,NÃO INFORMADO,2019,7,6,TARDE,18-29,False,PARCEIRO ÍNTIMO
276,2019-07-31,01:52:51,38,LINHARES,NOVO HORIZONTE,ARMA BRANCA,BRANCA,MARIDO,True,RESIDÊNCIA,2019,7,3,MADRUGADA,30-39,False,PARCEIRO ÍNTIMO
277,2019-07-31,11:07:12,33,LINHARES,INTERLAGOS,ARMA BRANCA,PARDA,NAMORADO,True,RESIDÊNCIA,2019,7,3,MANHÃ,30-39,True,PARCEIRO ÍNTIMO
278,2019-07-31,20:27:15,,BOA ESPERANCA,VILA FERNANDES,ARMA DE FOGO,NÃO INFORMADO,COMPANHEIRO,True,RESIDÊNCIA,2019,7,3,NOITE,NÃO INFORMADO,,PARCEIRO ÍNTIMO
279,2019-03-08,23:36:13,76,CACHOEIRO DE ITAPEMIRIM,PACOTUBA,ARMA DE FOGO,PARDA,NÃO INFORMADO,False,NÃO INFORMADO,2019,3,5,NOITE,60+,True,NÃO INFORMADO
280,2019-07-08,12:18:55,29,SERRA,RESIDENCIAL JACARAIPE,OUTROS MEIOS,PARDA,COMPANHEIRO,True,RESIDÊNCIA,2019,7,1,TARDE,18-29,True,PARCEIRO ÍNTIMO
281,2019-11-08,21:28:22,26,PIUMA,MONTE AGHA,OUTROS MEIOS,PARDA,COMPANHEIRO,True,VIA PÚBLICA,2019,11,5,NOITE,18-29,True,PARCEIRO ÍNTIMO
282,2019-08-18,14:05:06,55,VILA VELHA,ALVORADA,ARMA BRANCA,PARDA,NÃO INFORMADO,False,RESIDÊNCIA,2019,8,7,TARDE,40-59,True,NÃO INFORMADO
283,2019-08-31,16:24:22,27,JAGUARE,PALMITO,ARMA DE FOGO,PRETA,NÃO INFORMADO,False,RESIDÊNCIA,2019,8,6,TARDE,18-29,True,NÃO INFORMADO
284,2019-07-09,08:37:45,36,LINHARES,PLANALTO,OUTROS MEIOS,PARDA,NAMORADO,True,RESIDÊNCIA,2019,7,2,MANHÃ,30-39,True,PARCEIRO ÍNTIMO
285,2019-09-09,20:59:58,14,CARIACICA,NOVA ROSA DA PENHA,ARMA BRANCA,NÃO INFORMADO,NÃO INFORMADO,False,RESIDÊNCIA,2019,9,1,NOITE,0-17,,NÃO INFORMADO
286,2019-11-09,04:10:07,26,CARIACICA,ANTONIO FERREIRA BORGES,ARMA BRANCA,PARDA,NÃO INFORMADO,False,RESIDÊNCIA,2019,11,6,MADRUGADA,18-29,True,NÃO INFORMADO
287,2019-09-13,21:44:00,48,IUNA,PEQUIA,ARMA BRANCA,NÃO INFORMADO,EX-MARIDO,True,VIA PÚBLICA,2019,9,5,NOITE,40-59,,EX-PARCEIRO
288,2019-09-20,12:08:36,59,GUARAPARI,CENTRO,OUTROS MEIOS,PARDA,EX-MARIDO,True,NÃO INFORMADO,2019,9,5,TARDE,40-59,True,EX-PARCEIRO
289,2019-09-23,06:26:51,15,VITORIA,SAO PEDRO,ARMA BRANCA,PARDA,NAMORADO,True,VIA PÚBLICA,2019,9,1,MANHÃ,0-17,True,PARCEIRO ÍNTIMO
290,2019-09-28,11:09:47,34,GUARAPARI,BELA VISTA,ARMA DE FOGO,PRETA,NÃO INFORMADO,False,VIA PÚBLICA,2019,9,6,MANHÃ,30-39,True,NÃO INFORMADO
291,2019-04-10,07:15:00,52,PEDRO CANARIO,CAMATA,ARMA DE FOGO,BRANCA,NÃO INFORMADO,False,NÃO INFORMADO,2019,4,3,MANHÃ,40-59,False,NÃO INFORMADO
292,2019-05-10,03:17:00,48,MARATAIZES,BARRA DE ITAPEMIRIM,ARMA BRANCA,BRANCA,NÃO INFORMADO,False,OUTROS,2019,5,5,MADRUGADA,40-59,False,NÃO INFORMADO
293,2019-11-10,09:25:00,,COLATINA,XZONA RURAL,ARMA BRANCA,NÃO INFORMADO,NÃO INFORMADO,False,NÃO INFORMADO,2019,11,7,MANHÃ,NÃO INFORMADO,,NÃO INFORMADO
294,2019-10-13,18:48:00,35,CARIACICA,ITANGUA,ARMA BRANCA,PARDA,NÃO INFORMADO,False,VIA PÚBLICA,2019,10,7,NOITE,30-39,True,NÃO INFORMADO
295,2019-10-17,10:52:00,37,VITORIA,VILA RUBIM,ARMA DE FOGO,PRETA,COMPANHEIRO,True,NÃO INFORMADO,2019,10,4,MANHÃ,30-39,True,PARCEIRO ÍNTIMO
296,2019-10-21,10:11:16,45,SERRA,PLANALTO SERRANO,OUTROS MEIOS,NÃO INFORMADO,NÃO INFORMADO,False,VIA PÚBLICA,2019,10,1,MANHÃ,40-59,,NÃO INFORMADO
297,2019-10-23,00:29:00,18,CONCEICAO DA BARRA,SAO JOSE,ARMA BRANCA,PRETA,NÃO INFORMADO,False,RESIDÊNCIA,2019,10,3,MADRUGADA,18-29,True,NÃO INFORMADO
298,2019-10-31,16:22:00,,SERRA,CENTRO,ARMA BRANCA,BRANCA,NÃO INFORMADO,False,VIA PÚBLICA,2019,10,4,TARDE,NÃO INFORMADO,False,NÃO INFORMADO
299,2019-03-11,07:22:10,37,VILA VELHA,ATAIDE,ARMA BRANCA,PARDA,NÃO INFORMADO,False,VIA PÚBLICA,2019,3,1,MANHÃ,30-39,True,NÃO INFORMADO
300,2019-05-11,19:37:58,36,BAIXO GUANDU,SAO VICENTE,ARMA BRANCA,PRETA,NÃO INFORMADO,False,VIA PÚBLICA,2019,5,6,NOITE,30-39,True,NÃO INFORMADO
301,2019-06-11,15:03:22,15,CARIACICA,CACHOEIRINHA,OUTROS MEIOS,PRETA,NÃO INFORMADO,False,NÃO INFORMADO,2019,6,2,TARDE,0-17,True,NÃO INFORMADO
302,2019-07-11,10:57:39,52,PIUMA,LAGO AZUL,OUTROS MEIOS,PARDA,NÃO INFORMADO,False,RESIDÊNCIA,2019,7,4,MANHÃ,40-59,True,NÃO INFORMADO
303,2019-07-11,10:57:39,54,PIUMA,LAGO AZUL,OUTROS MEIOS,BRANCA,PARENTE,True,RESIDÊNCIA,2019,7,4,MANHÃ,40-59,False,FAMILIAR
304,2019-07-11,13:15:07,61,COLATINA,PERPETUO SOCORRO,OUTROS MEIOS,PARDA,NÃO INFORMADO,False,RESIDÊNCIA,2019,7,4,TARDE,60+,True,NÃO INFORMADO
305,2019-11-14,21:54:03,34,VILA VALERIO,ZONA RURAL,ARMA BRANCA,NÃO INFORMADO,NÃO INFORMADO,False,RESIDÊNCIA,2019,11,4,NOITE,30-39,,NÃO INFORMADO
306,2019-11-16,08:52:00,16,ALTO RIO NOVO,CORREGO DESENGANO,ARMA DE FOGO,PARDA,NÃO INFORMADO,False,VIA PÚBLICA,2019,11,6,MANHÃ,0-17,True,NÃO INFORMADO
307,2019-11-18,18:29:06,,ITARANA,ITARANINHA,OUTROS MEIOS,NÃO INFORMADO,EX-MARIDO,True,RESIDÊNCIA,2019,11,1,NOITE,NÃO INFORMADO,,EX-PARCEIRO
308,2019-11-24,18:54:51,29,SERRA,PARQUE RESIDENCIAL MESTRE ALVARO,ARMA BRANCA,PARDA,NÃO INFORMADO,False,VIA PÚBLICA,2019,11,7,NOITE,18-29,True,NÃO INFORMADO
309,2019-11-26,17:24:52,66,CONCEICAO DA BARRA,ANTONIO LOPEZ,ARMA BRANCA,PARDA,NÃO INFORMADO,False,RESIDÊNCIA,2019,11,2,TARDE,60+,True,NÃO INFORMADO
310,2019-11-27,23:11:43,37,VITORIA,CARATOIRA,ARMA BRANCA,PARDA,NÃO INFORMADO,False,VIA PÚBLICA,2019,11,3,NOITE,30-39,True,NÃO INFORMADO
311,2019-01-12,04:58:08,31,CACHOEIRO DE ITAPEMIRIM,AGOSTINHO SIMONATO,ARMA BRANCA,PARDA,MARIDO,True,RESIDÊNCIA,2019,1,6,MADRUGADA,30-39,True,PARCEIRO ÍNTIMO
312,2019-01-12,05:30:58,35,CARIACICA,PORTO DE SANTANA,ARMA BRANCA,PARDA,MARIDO,True,RESIDÊNCIA,2019,1,6,MADRUGADA,30-39,True,PARCEIRO ÍNTIMO
313,2019-05-12,02:32:50,34,CARIACICA,RIO BRANCO,ARMA DE FOGO,PARDA,MARIDO,True,RESIDÊNCIA,2019,5,7,MADRUGADA,30-39,True,PARCEIRO ÍNTIMO
314,2019-05-12,05:18:26,23,VITORIA,SANTA MARTHA,ARMA BRANCA,PARDA,NÃO INFORMADO,False,RESIDÊNCIA,2019,5,7,MADRUGADA,18-29,True,NÃO INFORMADO
315,2019-12-22,05:55:58,27,SAO MATEUS,NESTOR GOMES,ARMA DE FOGO,BRANCA,NAMORADO,True,RESIDÊNCIA,2019,12,7,MADRUGADA,18-29,False,PARCEIRO ÍNTIMO
316,2019-12-25,07:55:58,55,LINHARES,AVISO,ARMA DE FOGO,PARDA,NÃO INFORMADO,False,RESIDÊNCIA,2019,12,3,MANHÃ,40-59,True,NÃO INFORMADO
317,2019-12-28,19:15:38,39,SAO ROQUE DO CANAA,VILA VERDE,ARMA BRANCA,PARDA,NÃO INFORMADO,False,VIA PÚBLICA,2019,12,6,NOITE,30-39,True,NÃO INFORMADO
318,2019-12-29,14:03:19,20,CARIACICA,TABAJARA,ARMA BRANCA,PRETA,NÃO INFORMADO,False,RESIDÊNCIA,2019,12,7,TARDE,18-29,True,NÃO INFORMADO
319,2020-01-01,08:10:00,39,SERRA,LAGOA DE JACARAIPE,ARMA DE FOGO,BRANCA,EX-MARIDO,True,RESIDÊNCIA,2020,1,3,MANHÃ,30-39,False,EX-PARCEIRO
320,2020-05-01,19:22:00,23,SERRA,CARAPINA I,ARMA BRANCA,PARDA,NÃO INFORMADO,False,RESIDÊNCIA,2020,5,5,NOITE,18-29,True,NÃO INFORMADO
321,2020-09-01,18:53:00,29,GUARAPARI,OLARIA,ARMA BRANCA,PARDA,EX-MARIDO,True,VIA PÚBLICA,2020,9,2,NOITE,18-29,True,EX-PARCEIRO
322,2020-01-16,15:47:00,39,ITAPEMIRIM,JOACIMA,OUTROS MEIOS,PARDA,NÃO INFORMADO,False,NÃO INFORMADO,2020,1,4,TARDE,30-39,True,NÃO INFORMADO
323,2020-01-16,21:40:00,35,SERRA,ENSEADA DE JACARAIPE,ARMA BRANCA,PARDA,NÃO INFORMADO,False,VIA PÚBLICA,2020,1,4,NOITE,30-39,True,NÃO INFORMADO
324,2020-01-19,01:21:00,40,FUNDAO,CAMPESTRE,ARMA BRANCA,BRANCA,EX-MARIDO,True,VIA PÚBLICA,2020,1,7,MADRUGADA,40-59,False,EX-PARCEIRO
325,2020-01-21,09:52:00,32,SANTA MARIA DE JETIBA,ALTO SANTA MARIA,ARMA DE FOGO,BRANCA,EX-MARIDO,True,RESIDÊNCIA,2020,1,2,MANHÃ,30-39,False,EX-PARCEIRO
326,2020-01-27,05:26:00,22,VILA VELHA,ITAPOA,ARMA BRANCA,PARDA,NÃO INFORMADO,False,VIA PÚBLICA,2020,1,1,MADRUGADA,18-29,True,NÃO INFORMADO
327,2020-01-28,07:30:00,36,PANCAS,SAO BENTO,ARMA BRANCA,PARDA,NÃO INFORMADO,False,RESIDÊNCIA,2020,1,2,MANHÃ,30-39,True,NÃO INFORMADO
328,2020-08-02,23:21:00,38,ANCHIETA,PRAIA DE GUANABARA,ARMA DE FOGO,PARDA,EX-MARIDO,True,RESIDÊNCIA,2020,8,7,NOITE,30-39,True,EX-PARCEIRO
329,2020-09-02,20:44:00,3,VILA VELHA,GLORIA,ARMA BRANCA,BRANCA,NÃO INFORMADO,False,NÃO INFORMADO,2020,9,3,NOITE,0-17,False,NÃO INFORMADO
330,2020-09-02,14:00:00,21,SANTA TERESA,JARDIM DA MONTANHA,OUTROS MEIOS,PARDA,NÃO INFORMADO,False,NÃO INFORMADO,2020,9,3,TARDE,18-29,True,NÃO INFORMADO
331,2020-02-15,03:55:00,,VILA PAVAO,CENTRO,ARMA DE FOGO,NÃO INFORMADO,NÃO INFORMADO,False,VIA PÚBLICA,2020,2,6,MADRUGADA,NÃO INFORMADO,,NÃO INFORMADO
332,2020-02-16,07:05:00,29,CONCEICAO DA BARRA,CENTRO,ARMA DE FOGO,PRETA,NÃO INFORMADO,False,VIA PÚBLICA,2020,2,7,MANHÃ,18-29,True,NÃO INFORMADO
333,2020-02-18,05:34:00,,SERRA,JACUHY,ARMA BRANCA,PARDA,NÃO INFORMADO,False,VIA PÚBLICA,2020,2,2,MADRUGADA,NÃO INFORMADO,True,NÃO INFORMADO
334,2020-02-25,22:20:00,22,VILA VELHA,SANTA RITA,ARMA BRANCA,PARDA,NÃO INFORMADO,False,VIA PÚBLICA,2020,2,2,NOITE,18-29,True,NÃO INFORMADO
335,2020-02-26,22:20:00,43,BREJETUBA,SAO DOMINGOS PEQUENO,ARMA BRANCA,PARDA,NÃO INFORMADO,False,VIA PÚBLICA,2020,2,3,NOITE,40-59,True,NÃO INFORMADO
336,2020-02-28,07:54:00,33,CACHOEIRO DE ITAPEMIRIM,PACOTUBA,OUTROS MEIOS,PRETA,NÃO INFORMADO,False,VIA PÚBLICA,2020,2,5,MANHÃ,30-39,True,NÃO INFORMADO
337,2020-05-03,01:10:00,42,CONCEICAO DA BARRA,NOSSA SENHORA APARECIDA,ARMA BRANCA,PRETA,NÃO INFORMADO,False,VIA PÚBLICA,2020,5,7,MADRUGADA,40-59,True,NÃO INFORMADO
338,2020-06-03,07:33:00,67,JAGUARE,CENTRO,ARMA DE FOGO,PARDA,NÃO INFORMADO,False,RESIDÊNCIA,2020,6,3,MANHÃ,60+,True,NÃO INFORMADO
339,2020-03-13,08:44:00,36,VILA VELHA,DOM JOAO BATISTA,ARMA BRANCA,PRETA,NÃO INFORMADO,False,VIA PÚBLICA,2020,3,5,MANHÃ,30-39,True,NÃO INFORMADO
340,2020-03-15,13:01:00,,VITORIA,VILA RUBIM,ARMA BRANCA,PARDA,NÃO INFORMADO,False,VIA PÚBLICA,2020,3,7,TARDE,NÃO INFORMADO,True,NÃO INFORMADO
341,2020-03-18,19:40:00,19,VITORIA,MARIA ORTIZ,ARMA DE FOGO,PARDA,EX-COMPANHEIRO,True,RESIDÊNCIA,2020,3,3,NOITE,18-29,True,EX-PARCEIRO
342,2020-03-23,12:48:00,37,CONCEICAO DO CASTELO,CENTRO,ARMA DE FOGO,PRETA,EX-COMPANHEIRO,True,VIA PÚBLICA,2020,3,1,TARDE,30-39,True,EX-PARCEIRO
343,2020-03-24,04:32:00,19,CARIACICA,PRESIDENTE MEDICE,ARMA BRANCA,BRANCA,NÃO INFORMADO,False,RESIDÊNCIA,2020,3,2,MADRUGADA,18-29,False,NÃO INFORMADO
344,2020-03-24,12:24:00,30,FUNDAO,ENSEADA DAS GARCAS,OUTROS MEIOS,PARDA,COMPANHEIRO,True,RESIDÊNCIA,2020,3,2,TARDE,30-39,True,PARCEIRO ÍNTIMO
345,2020-03-24,08:58:00,40,RIO BANANAL,ZONA RURAL,OUTROS MEIOS,PARDA,COMPANHEIRO,True,TERRENO BALDIO / MATA,2020,3,2,MANHÃ,40-59,True,PARCEIRO ÍNTIMO
346,2020-03-27,19:46:00,34,VILA VELHA,JARDIM GUARANHUNS,ARMA BRANCA,PARDA,NÃO INFORMADO,False,VIA PÚBLICA,2020,3,5,NOITE,30-39,True,NÃO INFORMADO
347,2020-03-28,14:24:00,61,DIVINO DE SAO LOURENCO,LIMO VERDE,ARMA DE FOGO,PARDA,MARIDO,True,RESIDÊNCIA,2020,3,6,TARDE,60+,True,PARCEIRO ÍNTIMO
348,2020-03-28,22:23:00,,CARIACICA,FLEXAL II,ARMA DE FOGO,PARDA,NÃO INFORMADO,False,VIA PÚBLICA,2020,3,6,NOITE,NÃO INFORMADO,True,NÃO INFORMADO
349,2020-03-30,07:03:00,30,VILA VELHA,DIVINO ESPIRITO SANTO,OUTROS MEIOS,PARDA,NÃO INFORMADO,False,NÃO INFORMADO,2020,3,1,MANHÃ,30-39,True,NÃO INFORMADO
350,2020-01-04,00:31:00,34,CARIACICA,BELA AURORA,ARMA BRANCA,PARDA,NÃO INFORMADO,False,VIA PÚBLICA,2020,1,6,MADRUGADA,30-39,True,NÃO INFORMADO
351,2020-04-04,00:04:00,33,LINHARES,CENTRO,ARMA BRANCA,PARDA,NÃO INFORMADO,False,RESIDÊNCIA,2020,4,6,MADRUGADA,30-39,True,NÃO INFORMADO
352,2020-04-29,09:56:00,,ALTO RIO NOVO,ZONA RURAL,OUTROS MEIOS,NÃO INFORMADO,NÃO INFORMADO,False,TERRENO BALDIO / MATA,2020,4,3,MANHÃ,NÃO INFORMADO,,NÃO INFORMADO
353,2020-03-05,00:44:00,19,ALEGRE,ZONA RURAL,ARMA BRANCA,PARDA,NÃO INFORMADO,False,RESIDÊNCIA,2020,3,4,MADRUGADA,18-29,True,NÃO INFORMADO
354,2020-10-05,00:00:00,23,SAO MATEUS,RIBEIRAO,ARMA BRANCA,PARDA,NÃO INFORMADO,False,VIA PÚBLICA,2020,10,1,MADRUGADA,18-29,True,NÃO INFORMADO
355,2020-05-13,13:22:00,,LINHARES,INTERLAGOS,ARMA DE FOGO,PARDA,NÃO INFORMADO,False,VIA PÚBLICA,2020,5,3,TARDE,NÃO INFORMADO,True,NÃO INFORMADO
356,2020-05-13,16:40:00,24,SERRA,COLINA DA SERRA,ARMA BRANCA,PARDA,NÃO INFORMADO,False,VIA PÚBLICA,2020,5,3,TARDE,18-29,True,NÃO INFORMADO
357,2020-05-14,22:25:00,20,SERRA,FEU ROSA,ARMA BRANCA,PARDA,NÃO INFORMADO,False,VIA PÚBLICA,2020,5,4,NOITE,18-29,True,NÃO INFORMADO
358,2020-05-20,10:46:00,68,ITAPEMIRIM,CAMPO ACIMA,OUTROS MEIOS,BRANCA,NAMORADO,True,RESIDÊNCIA,2020,5,3,MANHÃ,60+,False,PARCEIRO ÍNTIMO
359,2020-05-27,07:11:00,45,VITORIA,CRUZAMENTO,ARMA BRANCA,PRETA,NÃO INFORMADO,False,VIA PÚBLICA,2020,5,3,MANHÃ,40-59,True,NÃO INFORMADO
360,2020-05-28,08:37:00,,CONCEICAO DA BARRA,ZONA RURAL,ARMA BRANCA,PRETA,NÃO INFORMADO,False,ZONA RURAL,2020,5,4,MANHÃ,NÃO INFORMADO,True,NÃO INFORMADO
361,2020-07-06,22:20:00,36,CONCEICAO DA BARRA,CENTRO,ARMA BRANCA,PARDA,NÃO INFORMADO,False,VIA PÚBLICA,2020,7,1,NOITE,30-39,True,NÃO INFORMADO
362,2020-11-06,16:37:00,21,CACHOEIRO DE ITAPEMIRIM,MONTE LIBANO,OUTROS MEIOS,BRANCA,NÃO INFORMADO,False,VIA PÚBLICA,2020,11,5,TARDE,18-29,False,NÃO INFORMADO
363,2020-12-06,16:26:00,26,VILA VELHA,VALE ENCANTADO,ARMA BRANCA,PARDA,NÃO INFORMADO,False,VIA PÚBLICA,2020,12,7,TARDE,18-29,True,NÃO INFORMADO
364,2020-06-13,07:12:00,25,CARIACICA,RIO MARINHO,OUTROS MEIOS,PARDA,COMPANHEIRO,True,RESIDÊNCIA,2020,6,6,MANHÃ,18-29,True,PARCEIRO ÍNTIMO
365,2020-06-13,14:50:00,19,LINHARES,SANTA CRUZ,ARMA BRANCA,PRETA,EX-NAMORADO,True,VIA PÚBLICA,2020,6,6,TARDE,18-29,True,EX-PARCEIRO
366,2020-06-14,11:38:00,58,IBATIBA,NOVO HORIZONTE,ARMA DE FOGO,PARDA,COMPANHEIRO,True,NÃO INFORMADO,2020,6,7,MANHÃ,40-59,True,PARCEIRO ÍNTIMO
367,2020-06-15,10:41:00,26,VILA VELHA,DOM JOAO BATISTA,ARMA BRANCA,PARDA,NÃO INFORMADO,False,VIA PÚBLICA,2020,6,1,MANHÃ,18-29,True,NÃO INFORMADO
368,2020-06-18,20:35:00,32,BARRA DE SAO FRANCISCO,CENTRO,ARMA BRANCA,BRANCA,NÃO INFORMADO,False,NÃO INFORMADO,2020,6,4,NOITE,30-39,False,NÃO INFORMADO
369,2020-06-24,12:52:00,32,MARECHAL FLORIANO,SANTA RITA,ARMA DE FOGO,BRANCA,NÃO INFORMADO,False,RESIDÊNCIA,2020,6,3,TARDE,30-39,False,NÃO INFORMADO
370,2020-06-30,20:34:00,23,VILA VELHA,BOA VISTA I,ARMA BRANCA,NÃO INFORMADO,NÃO INFORMADO,False,VIA PÚBLICA,2020,6,2,NOITE,18-29,,NÃO INFORMADO
371,2020-04-07,09:32:00,18,CARIACICA,CASTELO BRANCO,OUTROS MEIOS,PARDA,NÃO INFORMADO,False,RESIDÊNCIA,2020,4,2,MANHÃ,18-29,True,NÃO INFORMADO
372,2020-10-07,20:35:00,28,PEDRO CANARIO,CENTRO,ARMA DE FOGO,PRETA,MARIDO,True,RESIDÊNCIA,2020,10,3,NOITE,18-29,True,PARCEIRO ÍNTIMO
373,2020-11-07,22:01:00,22,DOMINGOS MARTINS,CENTRO,ARMA DE FOGO,PARDA,NÃO INFORMADO,False,RESIDÊNCIA,2020,11,6,NOITE,18-29,True,NÃO INFORMADO
374,2020-07-15,09:36:00,34,BOA ESPERANCA,CENTRO,OUTROS MEIOS,PARDA,COMPANHEIRO,True,NÃO INFORMADO,2020,7,3,MANHÃ,30-39,True,PARCEIRO ÍNTIMO
375,2020-07-20,18:45:00,17,VITORIA,NOVA PALESTINA,ARMA BRANCA,PARDA,NÃO INFORMADO,False,VIA PÚBLICA,2020,7,1,NOITE,0-17,True,NÃO INFORMADO
376,2020-07-28,16:21:00,29,VILA VELHA,ARACAS,OUTROS MEIOS,PARDA,NÃO INFORMADO,False,RESIDÊNCIA,2020,7,2,TARDE,18-29,True,NÃO INFORMADO
377,2020-08-08,07:01:00,,VIANA,AREINHA,ARMA BRANCA,PARDA,NÃO INFORMADO,False,VIA PÚBLICA,2020,8,6,MANHÃ,NÃO INFORMADO,True,NÃO INFORMADO
378,2020-09-08,14:22:00,20,IBATIBA,LACERDA SODRE DE ASSIS,ARMA DE FOGO,BRANCA,COMPANHEIRO,True,VIA PÚBLICA,2020,9,2,TARDE,18-29,False,PARCEIRO ÍNTIMO
379,2020-08-16,02:10:00,25,SERRA,NOVA CARAPINA I,ARMA BRANCA,PARDA,NÃO INFORMADO,False,VIA PÚBLICA,2020,8,7,MADRUGADA,18-29,True,NÃO INFORMADO
380,2020-08-17,07:04:00,36,SERRA,VILA NOVA DE COLARES,ARMA DE FOGO,PARDA,NÃO INFORMADO,False,VIA PÚBLICA,2020,8,1,MANHÃ,30-39,True,NÃO INFORMADO
381,2020-08-18,09:54:00,46,ANCHIETA,GOEMBE,OUTROS MEIOS,NÃO INFORMADO,NÃO INFORMADO,False,RESIDÊNCIA,2020,8,2,MANHÃ,40-59,,NÃO INFORMADO
382,2020-08-19,00:50:00,49,CONCEICAO DA BARRA,NOSSA SENHORA APARECIDA,ARMA BRANCA,PARDA,NÃO INFORMADO,False,VIA PÚBLICA,2020,8,3,MADRUGADA,40-59,True,NÃO INFORMADO
383,2020-08-23,16:02:00,,SERRA,ZONA RURAL,OUTROS MEIOS,NÃO INFORMADO,NÃO INFORMADO,False,TERRENO BALDIO / MATA,2020,8,7,TARDE,NÃO INFORMADO,,NÃO INFORMADO
384,2020-08-26,19:30:00,,CARIACICA,CAMPO GRANDE,ARMA BRANCA,PARDA,NÃO INFORMADO,False,VIA PÚBLICA,2020,8,3,NOITE,NÃO INFORMADO,True,NÃO INFORMADO
385,2020-02-09,05:45:00,21,BAIXO GUANDU,ZONA RURAL,ARMA BRANCA,PARDA,NÃO INFORMADO,False,VIA PÚBLICA,2020,2,7,MADRUGADA,18-29,True,NÃO INFORMADO
386,2020-03-09,15:12:00,25,SANTA LEOPOLDINA,ZONA RURAL,OUTROS MEIOS,PARDA,NÃO INFORMADO,False,VIA PÚBLICA,2020,3,1,TARDE,18-29,True,NÃO INFORMADO
387,2020-08-09,19:20:00,28,BAIXO GUANDU,SANTA MONICA,ARMA BRANCA,PARDA,NÃO INFORMADO,False,RESIDÊNCIA,2020,8,7,NOITE,18-29,True,NÃO INFORMADO
388,2020-10-09,00:22:00,17,VITORIA,SAO PEDRO,OUTROS MEIOS,PARDA,NAMORADO,True,VIA PÚBLICA,2020,10,5,MADRUGADA,0-17,True,PARCEIRO ÍNTIMO
389,2020-10-09,22:33:00,40,SERRA,CENTRO DA SERRA,ARMA BRANCA,PARDA,NÃO INFORMADO,False,VIA PÚBLICA,2020,10,5,NOITE,40-59,True,NÃO INFORMADO
390,2020-11-09,12:30:00,,PINHEIROS,ZONA RURAL,ARMA BRANCA,PRETA,NÃO INFORMADO,False,ZONA RURAL,2020,11,1,TARDE,NÃO INFORMADO,True,NÃO INFORMADO
391,2020-09-20,09:34:00,69,VILA VELHA,VINTE E TRES DE MAIO,OUTROS MEIOS,PARDA,NÃO INFORMADO,False,RESIDÊNCIA,2020,9,7,MANHÃ,60+,True,NÃO INFORMADO
392,2020-05-10,15:30:00,36,ALTO RIO NOVO,OUTRO LOCAL,OUTROS MEIOS,BRANCA,COMPANHEIRO,True,NÃO INFORMADO,2020,5,7,TARDE,30-39,False,PARCEIRO ÍNTIMO
393,2020-08-10,14:26:00,26,LINHARES,POVOACAO,ARMA BRANCA,PARDA,NÃO INFORMADO,False,TERRENO BALDIO / MATA,2020,8,1,TARDE,18-29,True,NÃO INFORMADO
394,2020-10-10,14:01:00,50,JAGUARE,SAO JOAO DO ESTIVADO,ARMA DE FOGO,PARDA,EX-MARIDO,True,RESIDÊNCIA,2020,10,6,TARDE,40-59,True,EX-PARCEIRO
395,2020-10-13,16:08:00,35,LINHARES,INTERLAGOS,ARMA BRANCA,NÃO INFORMADO,NÃO INFORMADO,False,VIA PÚBLICA,2020,10,2,TARDE,30-39,,NÃO INFORMADO
396,2020-10-17,22:35:00,44,VILA VALERIO,OUTRO LOCAL,OUTROS MEIOS,PARDA,NÃO INFORMADO,False,RESIDÊNCIA,2020,10,6,NOITE,40-59,True,NÃO INFORMADO
397,2020-10-19,18:13:00,,SERRA,CIDADE NOVA DA SERRA,OUTROS MEIOS,PARDA,NÃO INFORMADO,False,RESIDÊNCIA,2020,10,1,NOITE,NÃO INFORMADO,True,NÃO INFORMADO
398,2020-10-21,23:49:00,24,VILA VELHA,PRAIA DOS RECIFES,ARMA BRANCA,BRANCA,NÃO INFORMADO,False,VIA PÚBLICA,2020,10,3,NOITE,18-29,False,NÃO INFORMADO
399,2020-10-25,08:20:00,25,CARIACICA,PROLAR,ARMA BRANCA,PARDA,NÃO INFORMADO,False,VIA PÚBLICA,2020,10,7,MANHÃ,18-29,True,NÃO INFORMADO
400,2020-10-31,05:06:00,20,VITORIA,ENSEADA DO SUA,ARMA BRANCA,PARDA,COMPANHEIRO,True,NÃO INFORMADO,2020,10,6,MADRUGADA,18-29,True,PARCEIRO ÍNTIMO
401,2020-12-11,13:16:00,49,VITORIA,JARDIM CAMBURI,ARMA DE FOGO,BRANCA,MARIDO,True,RESIDÊNCIA,2020,12,5,TARDE,40-59,False,PARCEIRO ÍNTIMO
402,2020-11-15,02:12:00,46,SANTA TERESA,VALAO DE SAO PEDRO,ARMA DE FOGO,PARDA,NÃO INFORMADO,False,VIA PÚBLICA,2020,11,7,MADRUGADA,40-59,True,NÃO INFORMADO
403,2020-11-16,10:53:00,27,SERRA,CAMARA,ARMA BRANCA,PARDA,MARIDO,True,VIA PÚBLICA,2020,11,1,MANHÃ,18-29,True,PARCEIRO ÍNTIMO
404,2020-11-18,03:49:00,,CONCEICAO DA BARRA,CENTRO,ARMA BRANCA,NÃO INFORMADO,NÃO INFORMADO,False,RESIDÊNCIA,2020,11,3,MADRUGADA,NÃO INFORMADO,,NÃO INFORMADO
405,2020-11-20,03:16:00,17,SAO MATEUS,NESTOR GOMES,ARMA BRANCA,PARDA,NÃO INFORMADO,False,VIA PÚBLICA,2020,11,5,MADRUGADA,0-17,True,NÃO INFORMADO
406,2020-11-21,02:43:00,22,LINHARES,ZONA RURAL,ARMA BRANCA,PARDA,NÃO INFORMADO,False,VIA PÚBLICA,2020,11,6,MADRUGADA,18-29,True,NÃO INFORMADO
407,2020-11-25,18:50:00,47,CARIACICA,BUBU,ARMA DE FOGO,PARDA,NÃO INFORMADO,False,RESIDÊNCIA,2020,11,3,NOITE,40-59,True,NÃO INFORMADO
408,2020-11-27,23:05:00,23,ECOPORANGA,BENEDITA MONTEIRO,ARMA BRANCA,PARDA,NÃO INFORMADO,False,RESIDÊNCIA,2020,11,5,NOITE,18-29,True,NÃO INFORMADO
409,2020-11-30,23:38:00,22,GUARAPARI,CAMURUGI,ARMA BRANCA,PARDA,NÃO INFORMADO,False,TERRENO BALDIO / MATA,2020,11,1,NOITE,18-29,True,NÃO INFORMADO
410,2020-01-12,06:08:00,30,SERRA,VILA NOVA DE COLARES,ARMA BRANCA,PARDA,NÃO INFORMADO,False,RESIDÊNCIA,2020,1,7,MANHÃ,30-39,True,NÃO INFORMADO
411,2020-02-12,18:53:00,2,LINHARES,PLANALTO,ARMA BRANCA,PARDA,NÃO INFORMADO,False,VIA PÚBLICA,2020,2,3,NOITE,0-17,True,NÃO INFORMADO
412,2020-02-12,18:53:00,45,LINHARES,PLANALTO,ARMA BRANCA,BRANCA,NÃO INFORMADO,False,VIA PÚBLICA,2020,2,3,NOITE,40-59,False,NÃO INFORMADO
413,2020-05-12,21:36:00,40,BAIXO GUANDU,ROSARIO II,ARMA BRANCA,PARDA,NÃO INFORMADO,False,RESIDÊNCIA,2020,5,2,NOITE,40-59,True,NÃO INFORMADO
414,2020-06-12,00:24:00,28,IBATIBA,SANTA CLARA,ARMA DE FOGO,PARDA,EX-MARIDO,True,VIA PÚBLICA,2020,6,5,MADRUGADA,18-29,True,EX-PARCEIRO
415,2020-08-12,21:06:00,54,BAIXO GUANDU,VALPARAISO,ARMA BRANCA,PARDA,NÃO INFORMADO,False,VIA PÚBLICA,2020,8,3,NOITE,40-59,True,NÃO INFORMADO
416,2020-12-13,03:48:00,23,LINHARES,BEBEDOURO,ARMA BRANCA,PARDA,NÃO INFORMADO,False,VIA PÚBLICA,2020,12,7,MADRUGADA,18-29,True,NÃO INFORMADO
417,2020-12-15,12:15:00,31,GUACUI,ZONA RURAL,ARMA DE FOGO,PARDA,EX-MARIDO,True,VIA PÚBLICA,2020,12,2,TARDE,30-39,True,EX-PARCEIRO
418,2020-12-18,22:19:00,19,SAO MATEUS,GURIRI,ARMA BRANCA,PARDA,NÃO INFORMADO,False,ESTABELECIMENTO COMERCIAL,2020,12,5,NOITE,18-29,True,NÃO INFORMADO
419,2020-12-28,12:51:00,,SERRA,CARAPINA,ARMA DE FOGO,NÃO INFORMADO,NÃO INFORMADO,False,VIA PÚBLICA,2020,12,1,TARDE,NÃO INFORMADO,,NÃO INFORMADO
420,2020-12-29,22:16:00,27,PIUMA,MONTE AGHA,ARMA DE FOGO,BRANCA,MARIDO,True,RESIDÊNCIA,2020,12,2,NOITE,18-29,False,PARCEIRO ÍNTIMO
421,2021-05-01,19:24:00,36,CARIACICA,ZONA RURAL,ARMA BRANCA,PARDA,NÃO INFORMADO,False,VIA PÚBLICA,2021,5,6,NOITE,30-39,True,NÃO INFORMADO
422,2021-10-01,22:20:00,31,COLATINA,OLIVIO ZANOTELI,ARMA DE FOGO,PARDA,EX-MARIDO,True,VIA PÚBLICA,2021,10,5,NOITE,30-39,True,EX-PARCEIRO
423,2021-01-17,00:12:00,37,GOVERNADOR LINDENBERG,NOVO BRASIL,ARMA DE FOGO,PARDA,NÃO INFORMADO,False,VIA PÚBLICA,2021,1,7,MADRUGADA,30-39,True,NÃO INFORMADO
424,2021-01-18,18:22:00,19,CONCEICAO DA BARRA,BRACO DO RIO,ARMA BRANCA,PARDA,NÃO INFORMADO,False,VIA PÚBLICA,2021,1,1,NOITE,18-29,True,NÃO INFORMADO
425,2021-01-18,20:11:00,37,LINHARES,INTERLAGOS,ARMA BRANCA,PARDA,NÃO INFORMADO,False,NÃO INFORMADO,2021,1,1,NOITE,30-39,True,NÃO INFORMADO
426,2021-01-25,09:26:00,22,CARIACICA,VALE DOS REIS,ARMA BRANCA,PARDA,NÃO INFORMADO,False,VIA PÚBLICA,2021,1,1,MANHÃ,18-29,True,NÃO INFORMADO
427,2021-01-26,17:08:00,27,RIO NOVO DO SUL,NOSSA SENHORA DA PENHA,ARMA DE FOGO,PARDA,EX-MARIDO,True,RESIDÊNCIA,2021,1,2,TARDE,18-29,True,EX-PARCEIRO
428,2021-01-02,12:40:00,30,ECOPORANGA,ZONA RURAL,ARMA DE FOGO,PARDA,EX-MARIDO,True,NÃO INFORMADO,2021,1,6,TARDE,30-39,True,EX-PARCEIRO
429,2021-02-02,10:13:00,20,JAGUARE,CENTRO,OUTROS MEIOS,PARDA,NÃO INFORMADO,False,NÃO INFORMADO,2021,2,2,MANHÃ,18-29,True,NÃO INFORMADO
430,2021-08-02,00:56:00,35,LINHARES,AVISO,ARMA DE FOGO,PARDA,NÃO INFORMADO,False,VIA PÚBLICA,2021,8,1,MADRUGADA,30-39,True,NÃO INFORMADO
431,2021-09-02,21:46:00,25,CARIACICA,VILA CAPIXABA,ARMA DE FOGO,PARDA,EX-NAMORADO,True,VIA PÚBLICA,2021,9,4,NOITE,18-29,True,EX-PARCEIRO
432,2021-12-02,05:11:00,34,VILA VELHA,BALNEARIO PONTA DA FRUTA,ARMA BRANCA,PARDA,NÃO INFORMADO,False,VIA PÚBLICA,2021,12,4,MADRUGADA,30-39,True,NÃO INFORMADO
433,2021-02-20,06:05:00,36,CARIACICA,SANTA CATARINA,ARMA DE FOGO,PARDA,EX-NAMORADO,True,RESIDÊNCIA,2021,2,6,MANHÃ,30-39,True,EX-PARCEIRO
434,2021-02-23,23:40:00,44,SANTA MARIA DE JETIBA,RIO POSS MOUSER,ARMA BRANCA,PARDA,NÃO INFORMADO,False,RESIDÊNCIA,2021,2,2,NOITE,40-59,True,NÃO INFORMADO
435,2021-06-03,17:49:00,57,JAGUARE,AGUA LIMPA,OUTROS MEIOS,PARDA,NÃO INFORMADO,False,TERRENO BALDIO / MATA,2021,6,4,TARDE,40-59,True,NÃO INFORMADO
436,2021-09-03,04:50:00,39,MUCURICI,ITABAIANA,ARMA DE FOGO,PARDA,COMPANHEIRO,True,VIA PÚBLICA,2021,9,5,MADRUGADA,30-39,True,PARCEIRO ÍNTIMO
437,2021-11-03,23:59:00,24,SERRA,BALNEARIO DE CARAPEBUS,ARMA DE FOGO,PARDA,COMPANHEIRO,True,RESIDÊNCIA,2021,11,3,NOITE,18-29,True,PARCEIRO ÍNTIMO
438,2021-03-15,01:50:00,33,SERRA,VILA NOVA DE COLARES,ARMA DE FOGO,PARDA,COMPANHEIRO,True,RESIDÊNCIA,2021,3,1,MADRUGADA,30-39,True,PARCEIRO ÍNTIMO
439,2021-03-21,22:24:00,41,CARIACICA,SANTA BARBARA,ARMA BRANCA,PARDA,NÃO INFORMADO,False,VIA PÚBLICA,2021,3,7,NOITE,40-59,True,NÃO INFORMADO
440,2021-03-23,07:38:00,19,ARACRUZ,CENTRO,OUTROS MEIOS,PARDA,NÃO INFORMADO,False,VIA PÚBLICA,2021,3,2,MANHÃ,18-29,True,NÃO INFORMADO
441,2021-03-26,14:03:00,51,VITORIA,ANDORINHAS,ARMA BRANCA,PARDA,NÃO INFORMADO,False,VIA PÚBLICA,2021,3,5,TARDE,40-59,True,NÃO INFORMADO
442,2021-02-04,19:09:00,14,JAGUARE,PALMITO,ARMA BRANCA,BRANCA,NÃO INFORMADO,False,RESIDÊNCIA,2021,2,4,NOITE,0-17,False,NÃO INFORMADO
443,2021-02-04,18:22:00,36,CACHOEIRO DE ITAPEMIRIM,CORAMARA,ARMA BRANCA,BRANCA,COMPANHEIRO,True,VIA PÚBLICA,2021,2,4,NOITE,30-39,False,PARCEIRO ÍNTIMO
444,2021-02-04,06:18:00,35,VILA VELHA,COQUEIRAL DE ITAPARICA,ARMA BRANCA,PARDA,COMPANHEIRO,True,VIA PÚBLICA,2021,2,4,MANHÃ,30-39,True,PARCEIRO ÍNTIMO
445,2021-03-04,13:19:00,68,VILA VELHA,PRIMEIRO DE MAIO,ARMA BRANCA,PARDA,COMPANHEIRO,True,VIA PÚBLICA,2021,3,4,TARDE,60+,True,PARCEIRO ÍNTIMO
446,2021-11-04,19:13:00,49,VITORIA,JARDIM DA PENHA,ARMA BRANCA,PARDA,MARIDO,True,RESIDÊNCIA,2021,11,4,NOITE,40-59,True,PARCEIRO ÍNTIMO
447,2021-12-04,03:28:00,30,NOVA VENECIA,CENTRAL,ARMA BRANCA,PARDA,NÃO INFORMADO,False,VIA PÚBLICA,2021,12,6,MADRUGADA,30-39,True,NÃO INFORMADO
448,2021-04-18,12:15:00,62,SANTA LEOPOLDINA,COLINA VERDE,ARMA BRANCA,BRANCA,NÃO INFORMADO,False,RESIDÊNCIA,2021,4,7,TARDE,60+,False,NÃO INFORMADO
449,2021-04-20,15:28:00,43,ANCHIETA,CENTRO,ARMA BRANCA,PARDA,NÃO INFORMADO,False,RESIDÊNCIA,2021,4,2,TARDE,40-59,True,NÃO INFORMADO
450,2021-04-24,17:19:00,15,CARIACICA,VILA PRUDENCIO,ARMA BRANCA,BRANCA,COMPANHEIRO,True,VIA PÚBLICA,2021,4,6,TARDE,0-17,False,PARCEIRO ÍNTIMO
451,2021-04-24,00:09:00,33,GUARAPARI,IPIRANGA,ARMA BRANCA,PARDA,NÃO INFORMADO,False,VIA PÚBLICA,2021,4,6,MADRUGADA,30-39,True,NÃO INFORMADO
452,2021-02-05,23:19:00,46,VILA VELHA,BARRAMARES,ARMA BRANCA,PARDA,NÃO INFORMADO,False,RESIDÊNCIA,2021,2,5,NOITE,40-59,True,NÃO INFORMADO
453,2021-06-05,21:41:00,21,SAO MATEUS,ZONA RURAL,ARMA BRANCA,BRANCA,NÃO INFORMADO,False,VIA PÚBLICA,2021,6,6,NOITE,18-29,False,NÃO INFORMADO
454,2021-10-05,06:50:00,39,CACHOEIRO DE ITAPEMIRIM,AQUIDABAN,ARMA DE FOGO,PRETA,NÃO INFORMADO,False,VIA PÚBLICA,2021,10,2,MANHÃ,30-39,True,NÃO INFORMADO
455,2021-05-15,01:01:00,36,CASTELO,ARACUI,ARMA BRANCA,BRANCA,COMPANHEIRO,True,RESIDÊNCIA,2021,5,6,MADRUGADA,30-39,False,PARCEIRO ÍNTIMO
456,2021-05-16,13:24:00,17,SAO MATEUS,ZONA RURAL,ARMA BRANCA,PARDA,NÃO INFORMADO,False,TERRENO BALDIO / MATA,2021,5,7,TARDE,0-17,True,NÃO INFORMADO
457,2021-05-19,15:02:00,6,ECOPORANGA,NOSSA SENHORA D APENHA,OUTROS MEIOS,PARDA,CONHECIDO,True,RESIDÊNCIA,2021,5,3,TARDE,0-17,True,CONHECIDO
458,2021-05-21,23:02:00,38,RIO BANANAL,SAO JACINTO,ARMA DE FOGO,BRANCA,CONHECIDO,True,VIA PÚBLICA,2021,5,5,NOITE,30-39,False,CONHECIDO
459,2021-05-29,04:27:00,21,SERRA,PLANALTO SERRANO,ARMA BRANCA,PARDA,NÃO INFORMADO,False,NÃO INFORMADO,2021,5,6,MADRUGADA,18-29,True,NÃO INFORMADO
460,2021-01-06,18:29:00,55,ANCHIETA,CENTRO,ARMA DE FOGO,PARDA,NÃO INFORMADO,False,RESIDÊNCIA,2021,1,3,NOITE,40-59,True,NÃO INFORMADO
461,2021-08-06,14:48:00,46,CARIACICA,CANGAIBA,OUTROS MEIOS,PARDA,NÃO INFORMADO,False,RESIDÊNCIA,2021,8,5,TARDE,40-59,True,NÃO INFORMADO
462,2021-06-15,08:28:00,4,SAO DOMINGOS DO NORTE,CENTRO,OUTROS MEIOS,PARDA,PARENTE,True,RESIDÊNCIA,2021,6,2,MANHÃ,0-17,True,FAMILIAR
463,2021-06-15,08:28:00,18,SAO DOMINGOS DO NORTE,CENTRO,OUTROS MEIOS,PARDA,CONHECIDO,True,RESIDÊNCIA,2021,6,2,MANHÃ,18-29,True,CONHECIDO
464,2021-06-15,08:28:00,40,SAO DOMINGOS DO NORTE,CENTRO,OUTROS MEIOS,PARDA,MARIDO,True,RESIDÊNCIA,2021,6,2,MANHÃ,40-59,True,PARCEIRO ÍNTIMO
465,2021-06-16,00:45:00,17,VILA VELHA,ILHA DAS FLORES,ARMA BRANCA,PARDA,NÃO INFORMADO,False,VIA PÚBLICA,2021,6,3,MADRUGADA,0-17,True,NÃO INFORMADO
466,2021-06-19,07:32:00,38,MIMOSO DO SUL,ZONA RURAL,ARMA DE FOGO,PARDA,NAMORADO,True,NÃO INFORMADO,2021,6,6,MANHÃ,30-39,True,PARCEIRO ÍNTIMO
467,2021-06-20,09:58:00,30,SANTA LEOPOLDINA,ZONA RURAL,OUTROS MEIOS,BRANCA,NÃO INFORMADO,False,VIA PÚBLICA,2021,6,7,MANHÃ,30-39,False,NÃO INFORMADO
468,2021-06-21,14:44:00,32,SAO MATEUS,FATIMA,ARMA DE FOGO,BRANCA,MARIDO,True,RESIDÊNCIA,2021,6,1,TARDE,30-39,False,PARCEIRO ÍNTIMO
469,2021-06-24,01:00:00,29,ARACRUZ,LIMAO,OUTROS MEIOS,BRANCA,NÃO INFORMADO,False,RESIDÊNCIA,2021,6,4,MADRUGADA,18-29,False,NÃO INFORMADO
470,2021-06-28,00:14:00,26,LINHARES,SANTA CRUZ,ARMA BRANCA,PARDA,NÃO INFORMADO,False,NÃO INFORMADO,2021,6,1,MADRUGADA,18-29,True,NÃO INFORMADO
471,2021-02-07,21:14:00,43,BOA ESPERANCA,CENTRO,ARMA BRANCA,PARDA,NÃO INFORMADO,False,RESIDÊNCIA,2021,2,7,NOITE,40-59,True,NÃO INFORMADO
472,2021-04-07,12:44:00,19,VILA VELHA,ALECRIM,ARMA BRANCA,PARDA,NÃO INFORMADO,False,ESTABELECIMENTO COMERCIAL,2021,4,3,TARDE,18-29,True,NÃO INFORMADO
473,2021-06-07,07:54:00,35,VILA VELHA,BARRAMARES,ARMA BRANCA,PRETA,NÃO INFORMADO,False,VIA PÚBLICA,2021,6,1,MANHÃ,30-39,True,NÃO INFORMADO
474,2021-07-07,03:24:00,20,VITORIA,ANDORINHAS,ARMA BRANCA,PARDA,NÃO INFORMADO,False,RESIDÊNCIA,2021,7,3,MADRUGADA,18-29,True,NÃO INFORMADO
475,2021-12-07,18:41:00,33,VILA VALERIO,ZONA RURAL,ARMA BRANCA,PARDA,NÃO INFORMADO,False,VIA PÚBLICA,2021,12,2,NOITE,30-39,True,NÃO INFORMADO
476,2021-07-14,23:47:00,48,MUQUI,SANTA RITA,ARMA BRANCA,PARDA,MARIDO,True,RESIDÊNCIA,2021,7,3,NOITE,40-59,True,PARCEIRO ÍNTIMO
477,2021-07-16,09:14:00,22,CONCEICAO DA BARRA,SANTO AMARO,OUTROS MEIOS,PARDA,NÃO INFORMADO,False,VIA PÚBLICA,2021,7,5,MANHÃ,18-29,True,NÃO INFORMADO
478,2021-07-18,11:28:00,49,SANTA TERESA,ALTO SANTO ANTONIO,ARMA BRANCA,BRANCA,MARIDO,True,RESIDÊNCIA,2021,7,7,MANHÃ,40-59,False,PARCEIRO ÍNTIMO
479,2021-07-22,16:36:00,38,ITAPEMIRIM,ITAOCA,ARMA BRANCA,BRANCA,NÃO INFORMADO,False,VIA PÚBLICA,2021,7,4,TARDE,30-39,False,NÃO INFORMADO
480,2021-07-28,18:05:00,42,AFONSO CLAUDIO,SAO VICENTE,ARMA DE FOGO,PARDA,MARIDO,True,VIA PÚBLICA,2021,7,3,NOITE,40-59,True,PARCEIRO ÍNTIMO
481,2021-01-08,23:23:00,52,GUARAPARI,SANTA MONICA,ARMA BRANCA,PARDA,NÃO INFORMADO,False,VIA PÚBLICA,2021,1,5,NOITE,40-59,True,NÃO INFORMADO
482,2021-03-08,12:34:00,25,SOORETAMA,SALVADOR,ARMA BRANCA,PARDA,NÃO INFORMADO,False,VIA PÚBLICA,2021,3,1,TARDE,18-29,True,NÃO INFORMADO
483,2021-04-08,08:10:00,61,VILA VELHA,PRAIA DA COSTA,ARMA DE FOGO,PARDA,NÃO INFORMADO,False,RESIDÊNCIA,2021,4,4,MANHÃ,60+,True,NÃO INFORMADO
484,2021-05-08,07:53:00,75,BAIXO GUANDU,SANTA MONICA,OUTROS MEIOS,PARDA,NÃO INFORMADO,False,RESIDÊNCIA,2021,5,6,MANHÃ,60+,True,NÃO INFORMADO
485,2021-08-13,23:27:00,48,CONCEICAO DA BARRA,BRACO DO RIO,ARMA BRANCA,PRETA,NÃO INFORMADO,False,ESTABELECIMENTO COMERCIAL,2021,8,5,NOITE,40-59,True,NÃO INFORMADO
486,2021-08-17,13:18:00,25,SERRA,CASTELANDIA,ARMA DE FOGO,PARDA,NAMORADO,True,VIA PÚBLICA,2021,8,2,TARDE,18-29,True,PARCEIRO ÍNTIMO
487,2021-08-18,13:07:00,36,CARIACICA,SAO JOAO BATISTA,ARMA BRANCA,PARDA,NÃO INFORMADO,False,RESIDÊNCIA,2021,8,3,TARDE,30-39,True,NÃO INFORMADO
488,2021-08-18,21:49:00,19,CONCEICAO DA BARRA,BRACO DO RIO,ARMA BRANCA,PARDA,NÃO INFORMADO,False,VIA PÚBLICA,2021,8,3,NOITE,18-29,True,NÃO INFORMADO
489,2021-08-20,20:24:00,39,VILA VELHA,ARIBIRI,OUTROS MEIOS,BRANCA,COMPANHEIRO,True,RESIDÊNCIA,2021,8,5,NOITE,30-39,False,PARCEIRO ÍNTIMO
490,2021-08-26,06:37:00,43,SAO GABRIEL DA PALHA,SANTA CECILIA,ARMA BRANCA,BRANCA,NAMORADO,True,RESIDÊNCIA,2021,8,4,MANHÃ,40-59,False,PARCEIRO ÍNTIMO
491,2021-08-26,14:09:00,32,GUARAPARI,CENTRO,OUTROS MEIOS,PARDA,NÃO INFORMADO,False,VIA PÚBLICA,2021,8,4,TARDE,30-39,True,NÃO INFORMADO
492,2021-08-30,11:23:00,30,SERRA,CENTRO,ARMA BRANCA,PARDA,NÃO INFORMADO,False,VIA PÚBLICA,2021,8,1,MANHÃ,30-39,True,NÃO INFORMADO
493,2021-04-09,08:33:00,23,LINHARES,ZONA RURAL,ARMA BRANCA,PARDA,NÃO INFORMADO,False,ZONA RURAL,2021,4,5,MANHÃ,18-29,True,NÃO INFORMADO
494,2021-09-15,19:21:00,40,MARATAIZES,BARRA DE ITAPEMIRIM,ARMA DE FOGO,PRETA,NAMORADO,True,RESIDÊNCIA,2021,9,3,NOITE,40-59,True,PARCEIRO ÍNTIMO
495,2021-09-15,06:00:00,11,MARATAIZES,BARRA DE ITAPEMIRIM,ARMA DE FOGO,PRETA,NÃO INFORMADO,False,RESIDÊNCIA,2021,9,3,MANHÃ,0-17,True,NÃO INFORMADO
496,2021-09-19,13:46:00,30,LINHARES,INTERLAGOS,ARMA BRANCA,PARDA,NÃO INFORMADO,False,VIA PÚBLICA,2021,9,7,TARDE,30-39,True,NÃO INFORMADO
497,2021-09-19,22:24:00,29,CONCEICAO DA BARRA,BRACO DO RIO,ARMA BRANCA,PARDA,NÃO INFORMADO,False,RESIDÊNCIA,2021,9,7,NOITE,18-29,True,NÃO INFORMADO
498,2021-09-25,18:49:00,36,CONCEICAO DO CASTELO,NICOLAU VARGAS,ARMA BRANCA,PARDA,EX-MARIDO,True,VIA PÚBLICA,2021,9,6,NOITE,30-39,True,EX-PARCEIRO
499,2021-09-26,05:29:00,41,CARIACICA,FLEXAL II,ARMA BRANCA,PARDA,NÃO INFORMADO,False,VIA PÚBLICA,2021,9,7,MADRUGADA,40-59,True,NÃO INFORMADO
500,2021-02-10,15:08:00,71,BAIXO GUANDU,CENTRO,ARMA BRANCA,PARDA,NÃO INFORMADO,False,NÃO INFORMADO,2021,2,3,TARDE,60+,True,NÃO INFORMADO
501,2021-03-10,16:45:00,64,GUARAPARI,IPIRANGA,ARMA BRANCA,PARDA,NÃO INFORMADO,False,VIA PÚBLICA,2021,3,3,TARDE,60+,True,NÃO INFORMADO
502,2021-03-10,15:13:00,39,CONCEICAO DO CASTELO,TAQUARUCU,OUTROS MEIOS,BRANCA,EX-MARIDO,True,VIA PÚBLICA,2021,3,3,TARDE,30-39,False,EX-PARCEIRO
503,2021-07-10,19:56:00,33,BAIXO GUANDU,IBITUBA,ARMA BRANCA,BRANCA,NÃO INFORMADO,False,RESIDÊNCIA,2021,7,6,NOITE,30-39,False,NÃO INFORMADO
504,2021-07-10,10:02:00,56,SAO MATEUS,GURIRI,ARMA BRANCA,PARDA,NÃO INFORMADO,False,RESIDÊNCIA,2021,7,6,MANHÃ,40-59,True,NÃO INFORMADO
505,2021-08-10,03:16:00,31,CARIACICA,ITACIBA,ARMA BRANCA,PARDA,NÃO INFORMADO,False,VIA PÚBLICA,2021,8,2,MADRUGADA,30-39,True,NÃO INFORMADO
506,2021-08-10,14:41:00,35,VILA VELHA,ALECRIM,ARMA BRANCA,PARDA,NÃO INFORMADO,False,VIA PÚBLICA,2021,8,2,TARDE,30-39,True,NÃO INFORMADO
507,2021-09-10,16:25:00,34,SAO MATEUS,CENTRO,ARMA DE FOGO,PARDA,EX-COMPANHEIRO,True,RESIDÊNCIA,2021,9,5,TARDE,30-39,True,EX-PARCEIRO
508,2021-12-10,18:49:00,33,LINHARES,INTERLAGOS,ARMA DE FOGO,PARDA,COMPANHEIRO,True,VIA PÚBLICA,2021,12,5,NOITE,30-39,True,PARCEIRO ÍNTIMO
509,2021-10-16,02:47:00,8,CONCEICAO DA BARRA,BRACO DO RIO,ARMA BRANCA,PRETA,NÃO INFORMADO,False,RESIDÊNCIA,2021,10,6,MADRUGADA,0-17,True,NÃO INFORMADO
510,2021-10-16,17:23:00,48,VILA VELHA,DARLY SANTOS,ARMA BRANCA,PARDA,NÃO INFORMADO,False,TERRENO BALDIO / MATA,2021,10,6,TARDE,40-59,True,NÃO INFORMADO
511,2021-10-17,21:23:00,47,CACHOEIRO DE ITAPEMIRIM,SANTO ANTONIO,ARMA BRANCA,BRANCA,NAMORADO,True,RESIDÊNCIA,2021,10,7,NOITE,40-59,False,PARCEIRO ÍNTIMO
512,2021-10-25,07:19:00,37,SERRA,TAQUARA II,ARMA DE FOGO,PARDA,NÃO INFORMADO,False,VIA PÚBLICA,2021,10,1,MANHÃ,30-39,True,NÃO INFORMADO
513,2021-10-25,20:43:00,35,AGUIA BRANCA,ZONA RURAL,ARMA BRANCA,BRANCA,NÃO INFORMADO,False,RESIDÊNCIA,2021,10,1,NOITE,30-39,False,NÃO INFORMADO
514,2021-10-27,17:11:00,11,SAO GABRIEL DA PALHA,PROGRESSO,ARMA DE FOGO,BRANCA,NÃO INFORMADO,False,RESIDÊNCIA,2021,10,3,TARDE,0-17,False,NÃO INFORMADO
515,2021-10-28,16:29:00,17,ARACRUZ,SANTA ROSA,ARMA BRANCA,PARDA,NÃO INFORMADO,False,ZONA RURAL,2021,10,4,TARDE,0-17,True,NÃO INFORMADO
516,2021-10-28,16:40:00,35,GUACUI,MANOEL MONTEIRO TORRES,OUTROS MEIOS,PARDA,EX-COMPANHEIRO,True,VIA PÚBLICA,2021,10,4,TARDE,30-39,True,EX-PARCEIRO
517,2021-10-30,10:54:00,43,VILA VELHA,BOA VISTA I,ARMA BRANCA,PARDA,NÃO INFORMADO,False,VIA PÚBLICA,2021,10,6,MANHÃ,40-59,True,NÃO INFORMADO
518,2021-10-31,03:22:00,18,CACHOEIRO DE ITAPEMIRIM,GILSON CARONE,ARMA BRANCA,BRANCA,NÃO INFORMADO,False,OUTROS,2021,10,7,MADRUGADA,18-29,False,NÃO INFORMADO
519,2021-06-11,16:21:00,30,GUARAPARI,NOVA GUARAPARI,ARMA DE FOGO,PARDA,MARIDO,True,VIA PÚBLICA,2021,6,5,TARDE,30-39,True,PARCEIRO ÍNTIMO
520,2021-06-11,21:42:00,45,SERRA,RESIDENCIAL NOVA ALMEIDA,OUTROS MEIOS,PARDA,COMPANHEIRO,True,RESIDÊNCIA,2021,6,5,NOITE,40-59,True,PARCEIRO ÍNTIMO
521,2021-12-11,18:56:00,44,SERRA,PLANALTO SERRANO,ARMA DE FOGO,PARDA,MARIDO,True,RESIDÊNCIA,2021,12,6,NOITE,40-59,True,PARCEIRO ÍNTIMO
522,2021-11-16,18:04:00,54,MARECHAL FLORIANO,PONTO FRIO,ARMA BRANCA,PARDA,NÃO INFORMADO,False,VIA PÚBLICA,2021,11,2,NOITE,40-59,True,NÃO INFORMADO
523,2021-11-25,11:03:00,39,VILA VELHA,ZUMBI DOS PALMARES,ARMA BRANCA,PARDA,NÃO INFORMADO,False,RESIDÊNCIA,2021,11,4,MANHÃ,30-39,True,NÃO INFORMADO
524,2021-11-25,11:05:00,20,VILA VELHA,JARDIM MARILANDIA,ARMA BRANCA,BRANCA,MARIDO,True,VIA PÚBLICA,2021,11,4,MANHÃ,18-29,False,PARCEIRO ÍNTIMO
525,2021-11-26,22:57:00,20,JAGUARE,LOTEAMENTO VILAGIO,ARMA BRANCA,BRANCA,NÃO INFORMADO,False,VIA PÚBLICA,2021,11,5,NOITE,18-29,False,NÃO INFORMADO
526,2021-03-12,18:32:00,18,VITORIA,GRANDE VITORIA,ARMA BRANCA,PARDA,NAMORADO,True,RESIDÊNCIA,2021,3,5,NOITE,18-29,True,PARCEIRO ÍNTIMO
527,2021-12-13,14:41:00,,CARIACICA,VISTA LINDA,ARMA BRANCA,PRETA,NÃO INFORMADO,False,NÃO INFORMADO,2021,12,1,TARDE,NÃO INFORMADO,True,NÃO INFORMADO
528,2022-02-01,08:45:00,28,CARIACICA,FLEXAL II,ARMA BRANCA,PARDA,NÃO INFORMADO,False,VIA PÚBLICA,2022,2,2,MANHÃ,18-29,True,NÃO INFORMADO
529,2022-04-01,09:34:00,24,SAO MATEUS,GURIRI,ARMA BRANCA,PARDA,NAMORADO,True,RESIDÊNCIA,2022,4,5,MANHÃ,18-29,True,PARCEIRO ÍNTIMO
530,2022-06-01,15:08:00,17,LINHARES,NOVA ESPERANCA,ARMA DE FOGO,PARDA,NÃO INFORMADO,False,TERRENO BALDIO / MATA,2022,6,3,TARDE,0-17,True,NÃO INFORMADO
531,2022-08-01,22:01:00,37,CACHOEIRO DE ITAPEMIRIM,GUANDU,ARMA DE FOGO,PARDA,EX-COMPANHEIRO,True,VIA PÚBLICA,2022,8,1,NOITE,30-39,True,EX-PARCEIRO
532,2022-10-01,03:50:00,18,VILA VELHA,SOTECO,ARMA BRANCA,PARDA,NÃO INFORMADO,False,RESIDÊNCIA,2022,10,6,MADRUGADA,18-29,True,NÃO INFORMADO
533,2022-01-13,07:12:00,47,VILA VELHA,ARIBIRI,ARMA BRANCA,PARDA,NÃO INFORMADO,False,VIA PÚBLICA,2022,1,4,MANHÃ,40-59,True,NÃO INFORMADO
534,2022-01-13,09:03:00,35,VITORIA,REDENCAO,OUTROS MEIOS,PARDA,COMPANHEIRO,True,NÃO INFORMADO,2022,1,4,MANHÃ,30-39,True,PARCEIRO ÍNTIMO
535,2022-01-13,13:53:00,43,MUCURICI,AGUA BOA,ARMA BRANCA,BRANCA,MARIDO,True,RESIDÊNCIA,2022,1,4,TARDE,40-59,False,PARCEIRO ÍNTIMO
536,2022-01-16,07:32:00,46,SERRA,NOVA CARAPINA II,ARMA BRANCA,PRETA,NÃO INFORMADO,False,ESTABELECIMENTO COMERCIAL,2022,1,7,MANHÃ,40-59,True,NÃO INFORMADO
537,2022-01-19,22:46:00,44,MARECHAL FLORIANO,CENTRO,ARMA DE FOGO,PRETA,MARIDO,True,VIA PÚBLICA,2022,1,3,NOITE,40-59,True,PARCEIRO ÍNTIMO
538,2022-01-21,04:17:00,15,VILA VELHA,PLANALTO,ARMA BRANCA,PARDA,NÃO INFORMADO,False,RESIDÊNCIA,2022,1,5,MADRUGADA,0-17,True,NÃO INFORMADO
539,2022-01-23,17:37:00,36,VILA VELHA,ALVORADA,OUTROS MEIOS,PRETA,NÃO INFORMADO,False,RESIDÊNCIA,2022,1,7,TARDE,30-39,True,NÃO INFORMADO
540,2022-01-24,12:22:00,26,ITAPEMIRIM,JOACIMA,ARMA BRANCA,PARDA,NÃO INFORMADO,False,VIA PÚBLICA,2022,1,1,TARDE,18-29,True,NÃO INFORMADO
541,2022-01-25,00:13:00,46,VILA VELHA,JABURUNA,ARMA BRANCA,PRETA,NÃO INFORMADO,False,VIA PÚBLICA,2022,1,2,MADRUGADA,40-59,True,NÃO INFORMADO
542,2022-01-30,04:25:00,25,SERRA,BALNEARIO DE CARAPEBUS,ARMA BRANCA,PARDA,NÃO INFORMADO,False,VIA PÚBLICA,2022,1,7,MADRUGADA,18-29,True,NÃO INFORMADO
543,2022-04-02,10:31:00,27,CACHOEIRO DE ITAPEMIRIM,NOSSA SENHORA DE FATIMA,ARMA DE FOGO,PARDA,NÃO INFORMADO,False,RESIDÊNCIA,2022,4,6,MANHÃ,18-29,True,NÃO INFORMADO
544,2022-10-02,11:46:00,15,VILA VELHA,ZUMBI DOS PALMARES,ARMA BRANCA,PARDA,NÃO INFORMADO,False,VIA PÚBLICA,2022,10,7,MANHÃ,0-17,True,NÃO INFORMADO
545,2022-02-17,02:00:00,36,VILA VELHA,PRAIA DE ITAPARICA,ARMA BRANCA,BRANCA,NÃO INFORMADO,False,VIA PÚBLICA,2022,2,4,MADRUGADA,30-39,False,NÃO INFORMADO
546,2022-02-19,23:29:00,31,VILA VELHA,IBES,ARMA BRANCA,BRANCA,NÃO INFORMADO,False,VIA PÚBLICA,2022,2,6,NOITE,30-39,False,NÃO INFORMADO
547,2022-02-24,08:10:00,40,VILA VALERIO,FLOR DE MAIO,ARMA BRANCA,BRANCA,NÃO INFORMADO,False,RESIDÊNCIA,2022,2,4,MANHÃ,40-59,False,NÃO INFORMADO
548,2022-02-24,08:10:00,15,VILA VALERIO,FLOR DE MAIO,ARMA BRANCA,BRANCA,NÃO INFORMADO,False,RESIDÊNCIA,2022,2,4,MANHÃ,0-17,False,NÃO INFORMADO
549,2022-05-03,23:42:00,29,LINHARES,AVISO,ARMA BRANCA,PARDA,NÃO INFORMADO,False,VIA PÚBLICA,2022,5,2,NOITE,18-29,True,NÃO INFORMADO
550,2022-12-03,15:39:00,34,DOMINGOS MARTINS,GOIABEIRAS,ARMA DE FOGO,PARDA,NÃO INFORMADO,False,VIA PÚBLICA,2022,12,6,TARDE,30-39,True,NÃO INFORMADO
551,2022-03-18,17:55:00,34,CARIACICA,PADRE GABRIEL,OUTROS MEIOS,PARDA,MARIDO,True,VIA PÚBLICA,2022,3,5,TARDE,30-39,True,PARCEIRO ÍNTIMO
552,2022-03-20,17:33:00,24,SANTA MARIA DE JETIBA,ALTO SAO SEBASTIAO,ARMA DE FOGO,BRANCA,CONHECIDO,True,ZONA RURAL,2022,3,7,TARDE,18-29,False,CONHECIDO
553,2022-03-27,05:03:00,23,SERRA,VILA NOVA DE COLARES,ARMA BRANCA,PRETA,NÃO INFORMADO,False,VIA PÚBLICA,2022,3,7,MADRUGADA,18-29,True,NÃO INFORMADO
554,2022-03-27,05:03:00,27,SERRA,VILA NOVA DE COLARES,ARMA BRANCA,PARDA,NÃO INFORMADO,False,VIA PÚBLICA,2022,3,7,MADRUGADA,18-29,True,NÃO INFORMADO
555,2022-03-31,11:39:00,80,JERONIMO MONTEIRO,ZONA RURAL,OUTROS MEIOS,BRANCA,NÃO INFORMADO,False,NÃO INFORMADO,2022,3,4,MANHÃ,60+,False,NÃO INFORMADO
556,2022-03-04,21:09:00,45,SERRA,GUARACIABA,ARMA BRANCA,PARDA,NÃO INFORMADO,False,VIA PÚBLICA,2022,3,5,NOITE,40-59,True,NÃO INFORMADO
557,2022-09-04,23:03:00,32,CACHOEIRO DE ITAPEMIRIM,NOVO PARQUE,ARMA BRANCA,PRETA,NÃO INFORMADO,False,VIA PÚBLICA,2022,9,7,NOITE,30-39,True,NÃO INFORMADO
558,2022-10-04,18:04:00,19,VITORIA,MONTE BELO,ARMA BRANCA,PARDA,NÃO INFORMADO,False,RESIDÊNCIA,2022,10,2,NOITE,18-29,True,NÃO INFORMADO
559,2022-04-15,05:50:00,20,CARIACICA,FLEXAL I,ARMA BRANCA,PRETA,NÃO INFORMADO,False,RESIDÊNCIA,2022,4,5,MADRUGADA,18-29,True,NÃO INFORMADO
560,2022-04-17,03:58:00,22,JAGUARE,CORREGO CAXIMBAL,OUTROS MEIOS,PARDA,COMPANHEIRO,True,RESIDÊNCIA,2022,4,7,MADRUGADA,18-29,True,PARCEIRO ÍNTIMO
561,2022-04-19,07:58:00,16,CARIACICA,CAMPINA GRANDE,OUTROS MEIOS,PARDA,NÃO INFORMADO,False,VIA PÚBLICA,2022,4,2,MANHÃ,0-17,True,NÃO INFORMADO
562,2022-04-20,06:51:00,38,CONCEICAO DA BARRA,SAYONARA,ARMA DE FOGO,PARDA,EX-MARIDO,True,VIA PÚBLICA,2022,4,3,MANHÃ,30-39,True,EX-PARCEIRO
563,2022-04-24,13:24:00,35,CACHOEIRO DE ITAPEMIRIM,VALAO,ARMA BRANCA,PARDA,NAMORADO,True,RESIDÊNCIA,2022,4,7,TARDE,30-39,True,PARCEIRO ÍNTIMO
564,2022-04-27,22:08:00,10,VILA VELHA,SANTA RITA,ARMA BRANCA,PARDA,NÃO INFORMADO,False,VIA PÚBLICA,2022,4,3,NOITE,0-17,True,NÃO INFORMADO
565,2022-04-28,20:00:00,45,VILA VELHA,BARRAMARES,ARMA BRANCA,PRETA,NÃO INFORMADO,False,RESIDÊNCIA,2022,4,4,NOITE,40-59,True,NÃO INFORMADO
566,2022-02-05,00:29:00,27,ITAPEMIRIM,MARAGUA,ARMA BRANCA,PARDA,NÃO INFORMADO,False,VIA PÚBLICA,2022,2,6,MADRUGADA,18-29,True,NÃO INFORMADO
567,2022-06-05,20:33:00,20,CARIACICA,ORIENTE,ARMA DE FOGO,PARDA,MARIDO,True,RESIDÊNCIA,2022,6,7,NOITE,18-29,True,PARCEIRO ÍNTIMO
568,2022-12-05,18:20:39,47,SERRA,JARDIM CARAPINA,OUTROS MEIOS,PARDA,NÃO INFORMADO,False,RESIDÊNCIA,2022,12,1,NOITE,40-59,True,NÃO INFORMADO
569,2022-05-13,22:29:11,54,CONCEICAO DO CASTELO,ARTHUR SOARES,ARMA DE FOGO,PARDA,COMPANHEIRO,True,RESIDÊNCIA,2022,5,5,NOITE,40-59,True,PARCEIRO ÍNTIMO
570,2022-05-16,23:37:02,33,COLATINA,CARLOS GERMANO NAUMAM,ARMA DE FOGO,PARDA,MARIDO,True,VIA PÚBLICA,2022,5,1,NOITE,30-39,True,PARCEIRO ÍNTIMO
571,2022-05-16,23:42:19,37,VILA VELHA,SOTECO,ARMA BRANCA,PARDA,NÃO INFORMADO,False,VIA PÚBLICA,2022,5,1,NOITE,30-39,True,NÃO INFORMADO
572,2022-05-17,22:26:51,18,PIUMA,CENTRO,ARMA DE FOGO,PARDA,NÃO INFORMADO,False,RESIDÊNCIA,2022,5,2,NOITE,18-29,True,NÃO INFORMADO
573,2022-02-06,19:06:25,56,AGUA DOCE DO NORTE,CRISTO REI,ARMA DE FOGO,PARDA,MARIDO,True,RESIDÊNCIA,2022,2,7,NOITE,40-59,True,PARCEIRO ÍNTIMO
574,2022-03-06,22:35:46,25,VILA VELHA,BARRAMARES,ARMA DE FOGO,PARDA,COMPANHEIRO,True,VIA PÚBLICA,2022,3,7,NOITE,18-29,True,PARCEIRO ÍNTIMO
575,2022-05-07,05:04:36,23,VIANA,NOVA BETHANIA,ARMA DE FOGO,PARDA,COMPANHEIRO,True,VIA PÚBLICA,2022,5,6,MADRUGADA,18-29,True,PARCEIRO ÍNTIMO
576,2022-06-07,11:45:41,29,BAIXO GUANDU,ROSARIO II,ARMA BRANCA,PRETA,NÃO INFORMADO,False,VIA PÚBLICA,2022,6,2,MANHÃ,18-29,True,NÃO INFORMADO
577,2022-07-19,05:49:23,28,VILA VELHA,JOCKEY DE ITAPARICA,ARMA BRANCA,BRANCA,NÃO INFORMADO,False,VIA PÚBLICA,2022,7,2,MADRUGADA,18-29,False,NÃO INFORMADO
578,2022-07-24,21:07:24,33,NOVA VENECIA,AEROPORTO,ARMA DE FOGO,PARDA,COMPANHEIRO,True,RESIDÊNCIA,2022,7,7,NOITE,30-39,True,PARCEIRO ÍNTIMO
579,2022-07-25,09:25:52,42,SOORETAMA,CENTRO,ARMA DE FOGO,PARDA,COMPANHEIRO,True,VIA PÚBLICA,2022,7,1,MANHÃ,40-59,True,PARCEIRO ÍNTIMO
580,2022-07-28,00:14:41,25,CARIACICA,FLEXAL I,ARMA BRANCA,PARDA,NÃO INFORMADO,False,NÃO INFORMADO,2022,7,4,MADRUGADA,18-29,True,NÃO INFORMADO
581,2022-01-08,00:26:28,26,VITORIA,JUCUTUQUARA,ARMA BRANCA,PARDA,NÃO INFORMADO,False,VIA PÚBLICA,2022,1,6,MADRUGADA,18-29,True,NÃO INFORMADO
582,2022-03-08,13:30:59,19,SERRA,SAO DIOGO I,OUTROS MEIOS,PARDA,NÃO INFORMADO,False,VIA PÚBLICA,2022,3,2,TARDE,18-29,True,NÃO INFORMADO
583,2022-05-08,13:15:58,14,LINHARES,INTERLAGOS,ARMA BRANCA,PARDA,EX-NAMORADO,True,VIA PÚBLICA,2022,5,7,TARDE,0-17,True,EX-PARCEIRO
584,2022-10-08,15:58:01,68,VITORIA,SAO PEDRO,ARMA DE FOGO,BRANCA,EX-MARIDO,True,RESIDÊNCIA,2022,10,6,TARDE,60+,False,EX-PARCEIRO
585,2022-08-15,08:16:00,16,ITAGUACU,BARRO PRETO,OUTROS MEIOS,PARDA,COMPANHEIRO,True,NÃO INFORMADO,2022,8,1,MANHÃ,0-17,True,PARCEIRO ÍNTIMO
586,2022-08-21,18:02:32,36,PANCAS,ZONA RURAL,ARMA BRANCA,PARDA,COMPANHEIRO,True,RESIDÊNCIA,2022,8,7,NOITE,30-39,True,PARCEIRO ÍNTIMO
587,2022-08-26,16:19:00,1,BARRA DE SAO FRANCISCO,CACHOEIRINHA DE ITAUNA,OUTROS MEIOS,PARDA,PAI,True,RESIDÊNCIA,2022,8,5,TARDE,0-17,True,FAMILIAR
588,2022-08-27,13:30:33,23,SERRA,CAMPINHO DA SERRA I,OUTROS MEIOS,PARDA,NÃO INFORMADO,False,NÃO INFORMADO,2022,8,6,TARDE,18-29,True,NÃO INFORMADO
589,2022-08-28,22:28:54,37,DOMINGOS MARTINS,CENTRO,ARMA DE FOGO,PRETA,MARIDO,True,RESIDÊNCIA,2022,8,7,NOITE,30-39,True,PARCEIRO ÍNTIMO
590,2022-05-09,12:16:40,21,SAO GABRIEL DA PALHA,ASA BRANCA,OUTROS MEIOS,BRANCA,NÃO INFORMADO,False,RESIDÊNCIA,2022,5,1,TARDE,18-29,False,NÃO INFORMADO
591,2022-05-09,21:29:00,37,SANTA TERESA,ZONA RURAL,ARMA BRANCA,BRANCA,NÃO INFORMADO,False,NÃO INFORMADO,2022,5,1,NOITE,30-39,False,NÃO INFORMADO
592,2022-09-15,13:14:32,20,VILA VELHA,BARRA DO JUCU,ARMA BRANCA,BRANCA,NAMORADO,True,RESIDÊNCIA,2022,9,4,TARDE,18-29,False,PARCEIRO ÍNTIMO
593,2022-09-15,19:33:47,52,GUARAPARI,SETIBA,ARMA BRANCA,PARDA,EX-MARIDO,True,VIA PÚBLICA,2022,9,4,NOITE,40-59,True,EX-PARCEIRO
594,2022-09-18,08:58:25,35,IUNA,PERDIGAO,ARMA BRANCA,PARDA,EX-MARIDO,True,VIA PÚBLICA,2022,9,7,MANHÃ,30-39,True,EX-PARCEIRO
595,2022-09-21,06:32:58,44,SAO DOMINGOS DO NORTE,CAIXA D'AGUA,OUTROS MEIOS,BRANCA,NÃO INFORMADO,False,RESIDÊNCIA,2022,9,3,MANHÃ,40-59,False,NÃO INFORMADO
596,2022-09-23,13:43:30,45,VITORIA,ILHA DAS CAIEIRAS,OUTROS MEIOS,PARDA,MARIDO,True,RESIDÊNCIA,2022,9,5,TARDE,40-59,True,PARCEIRO ÍNTIMO
597,2022-04-10,08:50:00,34,VITORIA,DA PENHA,ARMA BRANCA,PARDA,NÃO INFORMADO,False,VIA PÚBLICA,2022,4,7,MANHÃ,30-39,True,NÃO INFORMADO
598,2022-09-10,07:44:00,31,VIANA,AREINHA,OUTROS MEIOS,PARDA,MARIDO,True,VIA PÚBLICA,2022,9,6,MANHÃ,30-39,True,PARCEIRO ÍNTIMO
599,2022-10-27,19:28:58,38,VILA VELHA,JABURUNA,ARMA DE FOGO,BRANCA,NÃO INFORMADO,False,RESIDÊNCIA,2022,10,4,NOITE,30-39,False,NÃO INFORMADO
600,2022-10-30,19:44:00,39,SAO GABRIEL DA PALHA,CORREGO SETE,OUTROS MEIOS,PRETA,MARIDO,True,RESIDÊNCIA,2022,10,7,NOITE,30-39,True,PARCEIRO ÍNTIMO
601,2022-02-11,11:23:32,34,NOVA VENECIA,ALTOE,OUTROS MEIOS,BRANCA,NÃO INFORMADO,False,VIA PÚBLICA,2022,2,5,MANHÃ,30-39,False,NÃO INFORMADO
602,2022-04-11,20:18:00,31,SERRA,CENTRO,ARMA BRANCA,PARDA,NÃO INFORMADO,False,VIA PÚBLICA,2022,4,1,NOITE,30-39,True,NÃO INFORMADO
603,2022-05-11,15:43:19,24,GUARAPARI,JACARANDA,ARMA BRANCA,BRANCA,NÃO INFORMADO,False,RESIDÊNCIA,2022,5,3,TARDE,18-29,False,NÃO INFORMADO
604,2022-10-11,03:41:41,34,SERRA,MARINGA,ARMA BRANCA,PARDA,NÃO INFORMADO,False,VIA PÚBLICA,2022,10,2,MADRUGADA,30-39,True,NÃO INFORMADO
605,2022-11-11,03:46:49,49,VILA VELHA,ILHA DOS AYRES,ARMA BRANCA,PRETA,NÃO INFORMADO,False,VIA PÚBLICA,2022,11,5,MADRUGADA,40-59,True,NÃO INFORMADO
606,2022-11-16,18:36:53,24,SERRA,JARDIM BELA VISTA,ARMA BRANCA,PRETA,NÃO INFORMADO,False,RESIDÊNCIA,2022,11,3,NOITE,18-29,True,NÃO INFORMADO
607,2022-11-25,09:45:57,12,ARACRUZ,COQUEIRAL DE ARACRUZ,ARMA BRANCA,BRANCA,NÃO INFORMADO,False,OUTROS,2022,11,5,MANHÃ,0-17,False,NÃO INFORMADO
608,2022-11-25,09:45:57,45,ARACRUZ,COQUEIRAL DE ARACRUZ,ARMA BRANCA,PARDA,NÃO INFORMADO,False,OUTROS,2022,11,5,MANHÃ,40-59,True,NÃO INFORMADO
609,2022-11-25,09:45:57,48,ARACRUZ,COQUEIRAL DE ARACRUZ,ARMA BRANCA,PARDA,NÃO INFORMADO,False,OUTROS,2022,11,5,MANHÃ,40-59,True,NÃO INFORMADO
610,2022-11-25,16:20:02,36,ARACRUZ,COQUEIRAL DE ARACRUZ,ARMA BRANCA,BRANCA,NÃO INFORMADO,False,OUTROS,2022,11,5,TARDE,30-39,False,NÃO INFORMADO
611,2022-11-29,00:34:44,40,VILA VELHA,IBES,ARMA BRANCA,PARDA,NÃO INFORMADO,False,VIA PÚBLICA,2022,11,2,MADRUGADA,40-59,True,NÃO INFORMADO
612,2022-11-30,19:43:29,31,SERRA,SERRA DOURADA I,ARMA BRANCA,BRANCA,NÃO INFORMADO,False,VIA PÚBLICA,2022,11,3,NOITE,30-39,False,NÃO INFORMADO
613,2022-01-12,14:03:26,46,ALFREDO CHAVES,ZONA RURAL,ARMA DE FOGO,PARDA,EX-COMPANHEIRO,True,NÃO INFORMADO,2022,1,3,TARDE,40-59,True,EX-PARCEIRO
614,2022-02-12,09:11:31,17,SERRA,VISTA DA SERRA II,ARMA BRANCA,PARDA,NÃO INFORMADO,False,RESIDÊNCIA,2022,2,6,MANHÃ,0-17,True,NÃO INFORMADO
615,2022-08-12,23:27:30,67,JAGUARE,NOVO TEMPO,OUTROS MEIOS,PARDA,NÃO INFORMADO,False,RESIDÊNCIA,2022,8,5,NOITE,60+,True,NÃO INFORMADO
616,2022-10-12,07:16:51,46,PINHEIROS,JUNDIA,ARMA DE FOGO,PARDA,EX-COMPANHEIRO,True,RESIDÊNCIA,2022,10,3,MANHÃ,40-59,True,EX-PARCEIRO
617,2022-10-12,11:53:43,17,CASTELO,ARACUI,OUTROS MEIOS,NÃO INFORMADO,PADRASTO,True,NÃO INFORMADO,2022,10,3,MANHÃ,0-17,,FAMILIAR
618,2022-10-12,11:53:43,8,CASTELO,ARACUI,OUTROS MEIOS,NÃO INFORMADO,PADRASTO,True,NÃO INFORMADO,2022,10,3,MANHÃ,0-17,,FAMILIAR
619,2022-10-12,11:53:43,40,CASTELO,ARACUI,OUTROS MEIOS,NÃO INFORMADO,COMPANHEIRO,True,NÃO INFORMADO,2022,10,3,MANHÃ,40-59,,PARCEIRO ÍNTIMO
620,2022-12-12,01:52:59,26,CARIACICA,VILA PROGRESSO,ARMA BRANCA,PARDA,NÃO INFORMADO,False,RESIDÊNCIA,2022,12,1,MADRUGADA,18-29,True,NÃO INFORMADO
621,2022-12-18,17:47:34,28,PIUMA,CEU AZUL,ARMA BRANCA,PARDA,NÃO INFORMADO,False,VIA PÚBLICA,2022,12,7,TARDE,18-29,True,NÃO INFORMADO
622,2022-12-26,11:35:54,37,SAO MATEUS,RES PARQUE WASHINGTON,ARMA BRANCA,PARDA,NÃO INFORMADO,False,NÃO INFORMADO,2022,12,1,MANHÃ,30-39,True,NÃO INFORMADO
623,2022-12-30,03:59:00,38,GUARAPARI,SANTA MONICA,ARMA DE FOGO,PARDA,NÃO INFORMADO,False,VIA PÚBLICA,2022,12,5,MADRUGADA,30-39,True,NÃO INFORMADO
624,2023-01-01,20:45:54,,LINHARES,NOVA ESPERANCA,ARMA BRANCA,PARDA,NÃO INFORMADO,False,ESTABELECIMENTO COMERCIAL,2023,1,7,NOITE,NÃO INFORMADO,True,NÃO INFORMADO
625,2023-03-01,19:07:30,52,GUARAPARI,LAGOA FUNDA,ARMA DE FOGO,PARDA,COMPANHEIRO,True,RESIDÊNCIA,2023,3,3,NOITE,40-59,True,PARCEIRO ÍNTIMO
626,2023-04-01,22:16:52,30,COLATINA,CENTRO,ARMA BRANCA,PARDA,EX-COMPANHEIRO,True,RESIDÊNCIA,2023,4,6,NOITE,30-39,True,EX-PARCEIRO
627,2023-08-01,03:37:26,17,SERRA,BAIRRO DAS LARANJEIRAS,ARMA BRANCA,PARDA,NAMORADO,True,VIA PÚBLICA,2023,8,2,MADRUGADA,0-17,True,PARCEIRO ÍNTIMO
628,2023-01-21,05:56:47,28,MANTENOPOLIS,SAO GERALDO,ARMA BRANCA,PARDA,NÃO INFORMADO,False,RESIDÊNCIA,2023,1,6,MADRUGADA,18-29,True,NÃO INFORMADO
629,2023-01-25,11:47:12,27,ARACRUZ,SAO JOSE,ARMA DE FOGO,PARDA,EX-MARIDO,True,ESTABELECIMENTO COMERCIAL,2023,1,3,MANHÃ,18-29,True,EX-PARCEIRO
630,2023-01-26,09:53:02,24,VILA VELHA,ARIBIRI,ARMA BRANCA,NÃO INFORMADO,NÃO INFORMADO,False,VIA PÚBLICA,2023,1,4,MANHÃ,18-29,,NÃO INFORMADO
631,2023-01-29,01:57:39,55,VILA VELHA,DIVINO ESPIRITO SANTO,ARMA BRANCA,PARDA,NÃO INFORMADO,False,VIA PÚBLICA,2023,1,7,MADRUGADA,40-59,True,NÃO INFORMADO
632,2023-04-02,11:14:49,32,VITORIA,BAIRRO DA PENHA,OUTROS MEIOS,PRETA,NÃO INFORMADO,False,VIA PÚBLICA,2023,4,7,MANHÃ,30-39,True,NÃO INFORMADO
633,2023-06-02,13:54:08,,CASTELO,CENTRO,OUTROS MEIOS,PARDA,COMPANHEIRO,True,RESIDÊNCIA,2023,6,5,TARDE,NÃO INFORMADO,True,PARCEIRO ÍNTIMO
634,2023-12-02,20:48:16,52,CONCEICAO DA BARRA,ZONA RURAL,ARMA BRANCA,PRETA,COMPANHEIRO,True,RESIDÊNCIA,2023,12,6,NOITE,40-59,True,PARCEIRO ÍNTIMO
635,2023-02-15,19:04:17,45,SERRA,CENTRAL CARAPINA,ARMA BRANCA,NÃO INFORMADO,NÃO INFORMADO,False,VIA PÚBLICA,2023,2,3,NOITE,40-59,,NÃO INFORMADO
636,2023-02-16,19:57:50,,VILA VELHA,BOA VISTA II,ARMA BRANCA,NÃO INFORMADO,NÃO INFORMADO,False,VIA PÚBLICA,2023,2,4,NOITE,NÃO INFORMADO,,NÃO INFORMADO
637,2023-02-26,18:32:59,39,CARIACICA,RIO MARINHO,ARMA BRANCA,PARDA,NÃO INFORMADO,False,VIA PÚBLICA,2023,2,7,NOITE,30-39,True,NÃO INFORMADO
638,2023-02-26,09:45:37,48,SERRA,BALNEARIO DE CARAPEBUS,ARMA DE FOGO,PARDA,NÃO INFORMADO,False,ESTABELECIMENTO COMERCIAL,2023,2,7,MANHÃ,40-59,True,NÃO INFORMADO
639,2023-02-27,13:22:05,,MIMOSO DO SUL,ZONA RURAL,OUTROS MEIOS,PARDA,MARIDO,True,VIA PÚBLICA,2023,2,1,TARDE,NÃO INFORMADO,True,PARCEIRO ÍNTIMO
640,2023-04-03,03:36:03,37,DOMINGOS MARTINS,SANTA TEREZINHA,ARMA BRANCA,PARDA,NÃO INFORMADO,False,RESIDÊNCIA,2023,4,1,MADRUGADA,30-39,True,NÃO INFORMADO
641,2023-07-03,02:44:09,51,VILA VELHA,NOVO MEXICO,ARMA DE FOGO,NÃO INFORMADO,NÃO INFORMADO,False,VIA PÚBLICA,2023,7,1,MADRUGADA,40-59,,NÃO INFORMADO
642,2023-08-03,09:29:26,65,COLATINA,VICENTE SOELA,OUTROS MEIOS,PARDA,NÃO INFORMADO,False,RESIDÊNCIA,2023,8,4,MANHÃ,60+,True,NÃO INFORMADO
643,2023-03-15,17:21:51,36,SERRA,FEU ROSA,ARMA DE FOGO,PARDA,EX-COMPANHEIRO,True,RESIDÊNCIA,2023,3,3,TARDE,30-39,True,EX-PARCEIRO
644,2023-03-15,08:03:44,,COLATINA,BELA VISTA,ARMA BRANCA,PARDA,NÃO INFORMADO,False,RESIDÊNCIA,2023,3,3,MANHÃ,NÃO INFORMADO,True,NÃO INFORMADO
645,2023-03-19,08:09:40,31,SAO GABRIEL DA PALHA,SAO SEBASTIAO,ARMA DE FOGO,PARDA,MARIDO,True,RESIDÊNCIA,2023,3,7,MANHÃ,30-39,True,PARCEIRO ÍNTIMO
646,2023-03-19,21:11:42,34,VILA VELHA,SAO TORQUATO,ARMA DE FOGO,PARDA,MARIDO,True,RESIDÊNCIA,2023,3,7,NOITE,30-39,True,PARCEIRO ÍNTIMO
647,2023-03-19,09:38:03,48,ITAGUACU,BARRO PRETO,ARMA BRANCA,PARDA,NÃO INFORMADO,False,VIA PÚBLICA,2023,3,7,MANHÃ,40-59,True,NÃO INFORMADO
648,2023-03-26,20:10:31,17,SOORETAMA,SAYONARA,ARMA BRANCA,PRETA,NÃO INFORMADO,False,RESIDÊNCIA,2023,3,7,NOITE,0-17,True,NÃO INFORMADO
649,2023-09-04,00:06:55,41,IBITIRAMA,CENTRO,ARMA BRANCA,BRANCA,MARIDO,True,RESIDÊNCIA,2023,9,1,MADRUGADA,40-59,False,PARCEIRO ÍNTIMO
650,2023-11-04,10:52:44,60,ECOPORANGA,AGUA BRANCA,OUTROS MEIOS,NÃO INFORMADO,NÃO INFORMADO,False,RESIDÊNCIA,2023,11,6,MANHÃ,60+,,NÃO INFORMADO
651,2023-04-15,02:48:07,44,VITORIA,MARIA ORTIZ,ARMA DE FOGO,PARDA,NÃO INFORMADO,False,RESIDÊNCIA,2023,4,6,MADRUGADA,40-59,True,NÃO INFORMADO
652,2023-04-19,21:30:29,27,COLATINA,SANTO ANTONIO,ARMA BRANCA,PARDA,NÃO INFORMADO,False,VIA PÚBLICA,2023,4,3,NOITE,18-29,True,NÃO INFORMADO
653,2023-04-21,05:54:38,22,VITORIA,SANTO ANTONIO,ARMA BRANCA,PARDA,NÃO INFORMADO,False,VIA PÚBLICA,2023,4,5,MADRUGADA,18-29,True,NÃO INFORMADO
654,2023-04-30,01:17:44,53,BARRA DE SAO FRANCISCO,MONTE SENIR,ARMA DE FOGO,BRANCA,MARIDO,True,RESIDÊNCIA,2023,4,7,MADRUGADA,40-59,False,PARCEIRO ÍNTIMO
655,2023-03-05,20:45:35,48,SOORETAMA,CENTRO,ARMA DE FOGO,NÃO INFORMADO,MARIDO,True,RESIDÊNCIA,2023,3,7,NOITE,40-59,,PARCEIRO ÍNTIMO
656,2023-09-05,20:38:43,29,SOORETAMA,SALVADOR,ARMA BRANCA,NÃO INFORMADO,NÃO INFORMADO,False,RESIDÊNCIA,2023,9,2,NOITE,18-29,,NÃO INFORMADO
657,2023-10-05,15:45:04,27,MARATAIZES,CIDADE NOVA,ARMA BRANCA,BRANCA,EX-MARIDO,True,VIA PÚBLICA,2023,10,4,TARDE,18-29,False,EX-PARCEIRO
658,2023-05-15,17:21:38,24,VITORIA,CENTRO,ARMA DE FOGO,BRANCA,MARIDO,True,RESIDÊNCIA,2023,5,1,TARDE,18-29,False,PARCEIRO ÍNTIMO
659,2023-05-15,19:48:12,35,CACHOEIRO DE ITAPEMIRIM,AMARAL,ARMA DE FOGO,NÃO INFORMADO,NÃO INFORMADO,False,VIA PÚBLICA,2023,5,1,NOITE,30-39,,NÃO INFORMADO
660,2023-04-06,21:15:40,35,BARRA DE SAO FRANCISCO,CORREGO DO TATU,ARMA BRANCA,BRANCA,NÃO INFORMADO,False,VIA PÚBLICA,2023,4,4,NOITE,30-39,False,NÃO INFORMADO
661,2023-07-06,08:25:00,28,SAO DOMINGOS DO NORTE,NITEROI,ARMA DE FOGO,BRANCA,EX-COMPANHEIRO,True,RESIDÊNCIA,2023,7,4,MANHÃ,18-29,False,EX-PARCEIRO
662,2023-06-13,22:06:42,48,ECOPORANGA,TEOFILO FIGUEIREDO,ARMA DE FOGO,PARDA,MARIDO,True,RESIDÊNCIA,2023,6,2,NOITE,40-59,True,PARCEIRO ÍNTIMO
663,2023-06-16,13:58:06,32,CARIACICA,FLEXAL II,ARMA BRANCA,NÃO INFORMADO,NÃO INFORMADO,False,VIA PÚBLICA,2023,6,5,TARDE,30-39,,NÃO INFORMADO
664,2023-06-24,15:52:42,,PIUMA,APARECIDA,OUTROS MEIOS,PRETA,NÃO INFORMADO,False,RESIDÊNCIA,2023,6,6,TARDE,NÃO INFORMADO,True,NÃO INFORMADO
665,2023-06-27,15:31:53,41,VILA VELHA,ULISSES GUIMARAES,OUTROS MEIOS,BRANCA,COMPANHEIRO,True,RESIDÊNCIA,2023,6,2,TARDE,40-59,False,PARCEIRO ÍNTIMO
666,2023-06-30,08:23:15,,ITAPEMIRIM,GRAUNA,ARMA BRANCA,PRETA,NÃO INFORMADO,False,VIA PÚBLICA,2023,6,5,MANHÃ,NÃO INFORMADO,True,NÃO INFORMADO
667,2023-07-16,09:55:09,35,CARIACICA,VISTA MAR,OUTROS MEIOS,PARDA,NÃO INFORMADO,False,RESIDÊNCIA,2023,7,7,MANHÃ,30-39,True,NÃO INFORMADO
668,2023-07-27,17:17:34,40,PANCAS,VILA NOVA,ARMA DE FOGO,PARDA,FILHA,True,RESIDÊNCIA,2023,7,4,TARDE,40-59,True,FAMILIAR
669,2023-07-28,17:08:18,25,VITORIA,ANDORINHAS,ARMA BRANCA,PARDA,NÃO INFORMADO,False,VIA PÚBLICA,2023,7,5,TARDE,18-29,True,NÃO INFORMADO
670,2023-07-30,21:54:24,,PEDRO CANARIO,CRISTAL DO NORTE,ARMA BRANCA,PARDA,NÃO INFORMADO,False,VIA PÚBLICA,2023,7,7,NOITE,NÃO INFORMADO,True,NÃO INFORMADO
671,2023-05-08,12:23:37,70,SAO MATEUS,BOM SUCESSO,OUTROS MEIOS,PARDA,COMPANHEIRO,True,RESIDÊNCIA,2023,5,1,TARDE,60+,True,PARCEIRO ÍNTIMO
672,2023-12-08,01:34:30,41,SERRA,FEU ROSA,ARMA DE FOGO,PARDA,MARIDO,True,RESIDÊNCIA,2023,12,5,MADRUGADA,40-59,True,PARCEIRO ÍNTIMO
673,2023-08-13,19:00:25,41,SERRA,VISTA DA SERRA I,ARMA BRANCA,PARDA,NÃO INFORMADO,False,RESIDÊNCIA,2023,8,7,NOITE,40-59,True,NÃO INFORMADO
674,2023-08-15,22:48:38,51,SERRA,CAMPINHO DA SERRA I,ARMA BRANCA,BRANCA,NÃO INFORMADO,False,VIA PÚBLICA,2023,8,2,NOITE,40-59,False,NÃO INFORMADO
675,2023-08-16,15:48:37,84,VITORIA,JARDIM CAMBURI,OUTROS MEIOS,BRANCA,FILHO,True,RESIDÊNCIA,2023,8,3,TARDE,60+,False,FAMILIAR
676,2023-08-17,07:35:58,35,NOVA VENECIA,ZONA RURAL,ARMA DE FOGO,NÃO INFORMADO,MARIDO,True,RESIDÊNCIA,2023,8,4,MANHÃ,30-39,,PARCEIRO ÍNTIMO
677,2023-08-27,07:59:00,48,JAGUARE,ZONA RURAL,OUTROS MEIOS,BRANCA,NÃO INFORMADO,False,VIA PÚBLICA,2023,8,7,MANHÃ,40-59,False,NÃO INFORMADO
678,2023-08-31,20:55:34,26,VILA VALERIO,VILA NOVA,ARMA BRANCA,NÃO INFORMADO,NÃO INFORMADO,False,RESIDÊNCIA,2023,8,4,NOITE,18-29,,NÃO INFORMADO
679,2023-02-09,09:49:58,39,COLATINA,SAO VICENTE,OUTROS MEIOS,BRANCA,MARIDO,True,ESTABELECIMENTO COMERCIAL,2023,2,4,MANHÃ,30-39,False,PARCEIRO ÍNTIMO
680,2023-06-09,08:45:10,59,CARIACICA,ALTO DA BOA VISTA,ARMA DE FOGO,PARDA,NÃO INFORMADO,False,RESIDÊNCIA,2023,6,5,MANHÃ,40-59,True,NÃO INFORMADO
681,2023-09-09,10:36:14,47,CACHOEIRO DE ITAPEMIRIM,TEIXEIRA LEITE,ARMA DE FOGO,PARDA,MARIDO,True,RESIDÊNCIA,2023,9,6,MANHÃ,40-59,True,PARCEIRO ÍNTIMO
682,2023-09-09,20:50:10,48,LINHARES,PONTAL DO IPIRANGA,ARMA DE FOGO,PARDA,MARIDO,True,RESIDÊNCIA,2023,9,6,NOITE,40-59,True,PARCEIRO ÍNTIMO
683,2023-09-13,07:41:08,,SERRA,PRAIA DE CARAPEBUS,OUTROS MEIOS,NÃO INFORMADO,NÃO INFORMADO,False,VIA PÚBLICA,2023,9,3,MANHÃ,NÃO INFORMADO,,NÃO INFORMADO
684,2023-09-13,22:22:40,27,ATILIO VIVACQUA,NITEROI,ARMA BRANCA,PARDA,NÃO INFORMADO,False,VIA PÚBLICA,2023,9,3,NOITE,18-29,True,NÃO INFORMADO
685,2023-09-15,11:05:50,58,GUARAPARI,AEROPORTO,OUTROS MEIOS,PARDA,NÃO INFORMADO,False,RESIDÊNCIA,2023,9,5,MANHÃ,40-59,True,NÃO INFORMADO
686,2023-09-16,20:55:29,31,VIANA,ARACATIBA,ARMA DE FOGO,PARDA,COMPANHEIRO,True,RESIDÊNCIA,2023,9,6,NOITE,30-39,True,PARCEIRO ÍNTIMO
687,2023-01-10,10:07:30,65,SAO ROQUE DO CANAA,CENTRO,ARMA DE FOGO,PARDA,COMPANHEIRO,True,VIA PÚBLICA,2023,1,2,MANHÃ,60+,True,PARCEIRO ÍNTIMO
688,2023-04-10,13:43:16,61,VITORIA,CENTRO,ARMA DE FOGO,PARDA,COMPANHEIRO,True,RESIDÊNCIA,2023,4,1,TARDE,60+,True,PARCEIRO ÍNTIMO
689,2023-05-10,02:49:50,23,SERRA,NOVA CARAPINA II,ARMA BRANCA,PARDA,NÃO INFORMADO,False,RESIDÊNCIA,2023,5,3,MADRUGADA,18-29,True,NÃO INFORMADO
690,2023-06-10,20:17:58,43,VILA PAVAO,ZONA RURAL,ARMA BRANCA,PARDA,NÃO INFORMADO,False,RESIDÊNCIA,2023,6,6,NOITE,40-59,True,NÃO INFORMADO
691,2023-07-10,14:19:59,35,JAGUARE,FATIMA,ARMA BRANCA,NÃO INFORMADO,NÃO INFORMADO,False,VIA PÚBLICA,2023,7,1,TARDE,30-39,,NÃO INFORMADO
692,2023-08-10,02:42:10,,VITORIA,CRUZAMENTO,ARMA BRANCA,NÃO INFORMADO,NÃO INFORMADO,False,VIA PÚBLICA,2023,8,4,MADRUGADA,NÃO INFORMADO,,NÃO INFORMADO
693,2023-10-28,01:20:28,25,SERRA,DIVINOPOLIS,ARMA BRANCA,PARDA,NÃO INFORMADO,False,VIA PÚBLICA,2023,10,6,MADRUGADA,18-29,True,NÃO INFORMADO
694,2023-10-30,05:38:27,44,CARIACICA,CACAROCA,ARMA BRANCA,PRETA,NÃO INFORMADO,False,VIA PÚBLICA,2023,10,1,MADRUGADA,40-59,True,NÃO INFORMADO
695,2023-08-11,03:15:51,59,VITORIA,SAO PEDRO,ARMA DE FOGO,PARDA,NÃO INFORMADO,False,RESIDÊNCIA,2023,8,5,MADRUGADA,40-59,True,NÃO INFORMADO
696,2023-10-11,18:57:10,17,VITORIA,CONQUISTA,ARMA BRANCA,PARDA,NÃO INFORMADO,False,VIA PÚBLICA,2023,10,3,NOITE,0-17,True,NÃO INFORMADO
697,2023-11-13,07:01:39,20,COLATINA,HONORIO FRAGA,OUTROS MEIOS,BRANCA,NAMORADO,True,RESIDÊNCIA,2023,11,1,MANHÃ,18-29,False,PARCEIRO ÍNTIMO
698,2023-11-19,23:52:28,,SAO MATEUS,CENTRO,ARMA DE FOGO,PARDA,NÃO INFORMADO,False,VIA PÚBLICA,2023,11,7,NOITE,NÃO INFORMADO,True,NÃO INFORMADO
699,2023-11-27,17:20:11,,CACHOEIRO DE ITAPEMIRIM,VALAO,ARMA BRANCA,PARDA,NÃO INFORMADO,False,VIA PÚBLICA,2023,11,1,TARDE,NÃO INFORMADO,True,NÃO INFORMADO
700,2023-11-29,12:38:40,69,SAO MATEUS,ITAUNINHAS,ARMA DE FOGO,PARDA,MARIDO,True,RESIDÊNCIA,2023,11,3,TARDE,60+,True,PARCEIRO ÍNTIMO
701,2023-11-30,02:06:18,,COLATINA,NOSSA SENHORA APARECIDA,ARMA BRANCA,BRANCA,NÃO INFORMADO,False,RESIDÊNCIA,2023,11,4,MADRUGADA,NÃO INFORMADO,False,NÃO INFORMADO
702,2023-09-12,15:37:50,73,SERRA,JARDIM CARAPINA,ARMA DE FOGO,PARDA,MARIDO,True,VIA PÚBLICA,2023,9,2,TARDE,60+,True,PARCEIRO ÍNTIMO
703,2023-10-12,23:17:21,21,SERRA,BALNEARIO DE CARAPEBUS,ARMA BRANCA,NÃO INFORMADO,NÃO INFORMADO,False,VIA PÚBLICA,2023,10,4,NOITE,18-29,,NÃO INFORMADO
704,2023-12-13,09:57:42,28,SAO JOSE DO CALCADO,ZONA RURAL,ARMA BRANCA,PARDA,NÃO INFORMADO,False,VIA PÚBLICA,2023,12,3,MANHÃ,18-29,True,NÃO INFORMADO
705,2023-12-19,10:38:33,28,SAO MATEUS,SANTA MARIA,OUTROS MEIOS,PRETA,NAMORADO,True,RESIDÊNCIA,2023,12,2,MANHÃ,18-29,True,PARCEIRO ÍNTIMO
706,2023-12-20,02:55:16,,VILA VELHA,COBILANDIA,ARMA DE FOGO,PARDA,NÃO INFORMADO,False,VIA PÚBLICA,2023,12,3,MADRUGADA,NÃO INFORMADO,True,NÃO INFORMADO
707,2023-12-22,21:56:14,21,LINHARES,INTERLAGOS,ARMA BRANCA,PARDA,NÃO INFORMADO,False,VIA PÚBLICA,2023,12,5,NOITE,18-29,True,NÃO INFORMADO
708,2023-12-23,14:24:42,26,ATILIO VIVACQUA,ALTO SAO JOSE,ARMA BRANCA,BRANCA,MARIDO,True,RESIDÊNCIA,2023,12,6,TARDE,18-29,False,PARCEIRO ÍNTIMO
709,2023-12-25,03:46:47,,BOM JESUS DO NORTE,SAO JOAO,OUTROS MEIOS,NÃO INFORMADO,NÃO INFORMADO,False,VIA PÚBLICA,2023,12,1,MADRUGADA,NÃO INFORMADO,,NÃO INFORMADO
710,2023-12-25,22:42:54,51,SOORETAMA,ALEGRE,ARMA BRANCA,BRANCA,NÃO INFORMADO,False,VIA PÚBLICA,2023,12,1,NOITE,40-59,False,NÃO INFORMADO
711,2023-12-25,00:06:20,69,SAO MATEUS,CÓRREGO CEREJEIRA,ARMA BRANCA,BRANCA,MARIDO,True,RESIDÊNCIA,2023,12,1,MADRUGADA,60+,False,PARCEIRO ÍNTIMO
712,2024-07-01,17:35:56,49,GUARAPARI,JABARAI,ARMA BRANCA,PARDA,COMPANHEIRO,True,VIA PÚBLICA,2024,7,1,TARDE,40-59,True,PARCEIRO ÍNTIMO
713,2024-09-01,13:57:05,46,VILA VELHA,CIDADE DA BARRA,ARMA DE FOGO,PARDA,NÃO INFORMADO,False,VIA PÚBLICA,2024,9,7,TARDE,40-59,True,NÃO INFORMADO
714,2024-11-01,12:09:34,30,ALFREDO CHAVES,ZONA RURAL,ARMA DE FOGO,BRANCA,EX-NAMORADO,True,TERRENO BALDIO / MATA,2024,11,5,TARDE,30-39,False,EX-PARCEIRO
715,2024-01-14,15:02:02,54,LINHARES,PLANALTO,ARMA BRANCA,PARDA,NÃO INFORMADO,False,RESIDÊNCIA,2024,1,7,TARDE,40-59,True,NÃO INFORMADO
716,2024-01-15,22:12:17,22,COLATINA,SAO PEDRO,ARMA DE FOGO,PARDA,NÃO INFORMADO,False,VIA PÚBLICA,2024,1,1,NOITE,18-29,True,NÃO INFORMADO
717,2024-02-02,14:20:36,42,VILA VELHA,ITAPUA,ARMA DE FOGO,BRANCA,NÃO INFORMADO,False,VIA PÚBLICA,2024,2,5,TARDE,40-59,False,NÃO INFORMADO
718,2024-05-02,07:20:50,43,CARIACICA,SANTA PAULA,OUTROS MEIOS,PARDA,NAMORADO,True,RESIDÊNCIA,2024,5,4,MANHÃ,40-59,True,PARCEIRO ÍNTIMO
719,2024-08-02,15:16:35,24,VILA VELHA,ILHA DOS AYRES,ARMA DE FOGO,PARDA,NÃO INFORMADO,False,VIA PÚBLICA,2024,8,5,TARDE,18-29,True,NÃO INFORMADO
720,2024-11-02,13:00:24,27,LARANJA DA TERRA,SOBREIRO,OUTROS MEIOS,PRETA,COMPANHEIRO,True,RESIDÊNCIA,2024,11,6,TARDE,18-29,True,PARCEIRO ÍNTIMO
721,2024-11-02,04:27:47,18,PEDRO CANARIO,CRISTAL DO NORTE,ARMA DE FOGO,PRETA,NÃO INFORMADO,False,RESIDÊNCIA,2024,11,6,MADRUGADA,18-29,True,NÃO INFORMADO
722,2024-02-20,07:36:46,53,JERONIMO MONTEIRO,VILA CRUZEIRO,ARMA BRANCA,BRANCA,COMPANHEIRO,True,RESIDÊNCIA,2024,2,2,MANHÃ,40-59,False,PARCEIRO ÍNTIMO
723,2024-02-25,19:37:30,42,SERRA,CENTRO DA SERRA,ARMA BRANCA,PARDA,COMPANHEIRO,True,VIA PÚBLICA,2024,2,7,NOITE,40-59,True,PARCEIRO ÍNTIMO
724,2024-02-03,01:00:18,25,SERRA,PARQUE DAS GAIVOTAS,ARMA DE FOGO,NÃO INFORMADO,NÃO INFORMADO,False,VIA PÚBLICA,2024,2,6,MADRUGADA,18-29,,NÃO INFORMADO
725,2024-04-03,12:28:48,39,VILA VELHA,ATAIDE,ARMA DE FOGO,PRETA,NÃO INFORMADO,False,VIA PÚBLICA,2024,4,3,TARDE,30-39,True,NÃO INFORMADO
726,2024-06-03,22:54:27,20,VILA VELHA,ATAIDE,ARMA DE FOGO,PARDA,NÃO INFORMADO,False,VIA PÚBLICA,2024,6,1,NOITE,18-29,True,NÃO INFORMADO
727,2024-06-03,21:03:44,27,SAO MATEUS,NOVA AIMORES,ARMA DE FOGO,PARDA,NÃO INFORMADO,False,RESIDÊNCIA,2024,6,1,NOITE,18-29,True,NÃO INFORMADO
728,2024-08-03,10:00:06,22,VILA VELHA,JOAO GOULART,OUTROS MEIOS,BRANCA,COMPANHEIRO,True,RESIDÊNCIA,2024,8,6,MANHÃ,18-29,False,PARCEIRO ÍNTIMO
729,2024-10-03,22:36:57,21,VILA VELHA,RIVIERA DA BARRA,ARMA BRANCA,PARDA,MARIDO,True,VIA PÚBLICA,2024,10,4,NOITE,18-29,True,PARCEIRO ÍNTIMO
730,2024-03-14,20:51:35,34,ECOPORANGA,SANTA RITA,ARMA DE FOGO,BRANCA,NÃO INFORMADO,False,RESIDÊNCIA,2024,3,4,NOITE,30-39,False,NÃO INFORMADO
731,2024-03-17,22:23:47,29,LINHARES,SHELL,ARMA DE FOGO,PARDA,NÃO INFORMADO,False,RESIDÊNCIA,2024,3,7,NOITE,18-29,True,NÃO INFORMADO
732,2024-03-29,15:02:03,25,VILA VELHA,ARIBIRI,ARMA DE FOGO,PARDA,NÃO INFORMADO,False,VIA PÚBLICA,2024,3,5,TARDE,18-29,True,NÃO INFORMADO
733,2024-03-31,15:29:04,44,ARACRUZ,CACHOEIRINHA DO RIACHO,ARMA DE FOGO,PARDA,NÃO INFORMADO,False,VIA PÚBLICA,2024,3,7,TARDE,40-59,True,NÃO INFORMADO
734,2024-06-04,12:14:34,18,GUARAPARI,SETIBA,ARMA DE FOGO,PRETA,COMPANHEIRO,True,TERRENO BALDIO / MATA,2024,6,2,TARDE,18-29,True,PARCEIRO ÍNTIMO
735,2024-08-04,03:48:12,21,PINHEIROS,COLINA,ARMA DE FOGO,PARDA,NÃO INFORMADO,False,VIA PÚBLICA,2024,8,7,MADRUGADA,18-29,True,NÃO INFORMADO
736,2024-12-04,13:47:00,18,MARILANDIA,ZONA RURAL,OUTROS MEIOS,BRANCA,NÃO INFORMADO,False,OUTROS,2024,12,3,TARDE,18-29,False,NÃO INFORMADO
737,2024-04-23,13:41:55,70,AGUA DOCE DO NORTE,VILA NELITA,ARMA BRANCA,PRETA,NÃO INFORMADO,False,RESIDÊNCIA,2024,4,2,TARDE,60+,True,NÃO INFORMADO
738,2024-04-25,06:47:54,45,VILA VELHA,ARIBIRI,ARMA BRANCA,BRANCA,NÃO INFORMADO,False,VIA PÚBLICA,2024,4,4,MANHÃ,40-59,False,NÃO INFORMADO
739,2024-04-05,13:53:13,25,SERRA,NOSSA SENHORA DA CONCEICAO,OUTROS MEIOS,PRETA,EX-COMPANHEIRO,True,RESIDÊNCIA,2024,4,5,TARDE,18-29,True,EX-PARCEIRO
740,2024-04-05,15:07:35,62,SERRA,ANDRE CARLONI,ARMA BRANCA,PRETA,PARENTE,True,RESIDÊNCIA,2024,4,5,TARDE,60+,True,FAMILIAR
741,2024-11-05,15:07:51,37,BOA ESPERANCA,ZONA RURAL,OUTROS MEIOS,PARDA,MARIDO,True,RESIDÊNCIA,2024,11,2,TARDE,30-39,True,PARCEIRO ÍNTIMO
742,2024-11-05,10:28:41,32,JERONIMO MONTEIRO,VILA CRUZEIRO,ARMA BRANCA,PARDA,MARIDO,True,RESIDÊNCIA,2024,11,2,MANHÃ,30-39,True,PARCEIRO ÍNTIMO
743,2024-05-13,19:58:00,14,PEDRO CANARIO,CENTRO,ARMA DE FOGO,PARDA,NÃO INFORMADO,False,VIA PÚBLICA,2024,5,1,NOITE,0-17,True,NÃO INFORMADO
744,2024-05-14,16:25:17,27,CARIACICA,ALTO LAJE,ARMA BRANCA,PARDA,NÃO INFORMADO,False,VIA PÚBLICA,2024,5,2,TARDE,18-29,True,NÃO INFORMADO
745,2024-05-20,16:42:45,23,LINHARES,NOVA ESPERANCA,ARMA DE FOGO,PARDA,NÃO INFORMADO,False,VIA PÚBLICA,2024,5,1,TARDE,18-29,True,NÃO INFORMADO
746,2024-05-21,02:05:17,39,COLATINA,BELA VISTA,ARMA DE FOGO,PARDA,NÃO INFORMADO,False,RESIDÊNCIA,2024,5,2,MADRUGADA,30-39,True,NÃO INFORMADO
747,2024-05-26,08:03:53,49,FUNDAO,TIMBUI,ARMA BRANCA,PARDA,EX-MARIDO,True,RESIDÊNCIA,2024,5,7,MANHÃ,40-59,True,EX-PARCEIRO
748,2024-05-26,16:16:10,41,CARIACICA,SANTA CECILIA,ARMA BRANCA,PARDA,COMPANHEIRO,True,RESIDÊNCIA,2024,5,7,TARDE,40-59,True,PARCEIRO ÍNTIMO
749,2024-05-30,20:49:44,40,COLATINA,SAO MARCOS,ARMA DE FOGO,PRETA,NÃO INFORMADO,False,VIA PÚBLICA,2024,5,4,NOITE,40-59,True,NÃO INFORMADO
750,2024-05-31,11:55:33,,PANCAS,ZONA RURAL,ARMA DE FOGO,PARDA,NÃO INFORMADO,False,CURSO D'ÁGUA / REPRESA,2024,5,5,MANHÃ,NÃO INFORMADO,True,NÃO INFORMADO
751,2024-02-06,18:34:28,48,ECOPORANGA,TEOFILO FIGUEIREDO,ARMA BRANCA,BRANCA,MARIDO,True,RESIDÊNCIA,2024,2,2,NOITE,40-59,False,PARCEIRO ÍNTIMO
752,2024-03-06,16:38:39,,VILA VELHA,NORMILIA,ARMA BRANCA,PRETA,NAMORADO,True,RESIDÊNCIA,2024,3,3,TARDE,NÃO INFORMADO,True,PARCEIRO ÍNTIMO
753,2024-08-06,18:36:23,30,VITORIA,SANTOS DUMONT,ARMA BRANCA,PARDA,PAI,True,RESIDÊNCIA,2024,8,2,NOITE,30-39,True,FAMILIAR
754,2024-10-06,22:17:34,40,CASTELO,VOLTA REDONDA,ARMA DE FOGO,BRANCA,COMPANHEIRO,True,RESIDÊNCIA,2024,10,7,NOITE,40-59,False,PARCEIRO ÍNTIMO
755,2024-10-06,08:56:09,20,IUNA,PEQUIA,ARMA DE FOGO,BRANCA,NÃO INFORMADO,False,OUTROS,2024,10,7,MANHÃ,18-29,False,NÃO INFORMADO
756,2024-06-18,19:42:41,6,CARIACICA,NOVO BRASIL,OUTROS MEIOS,PARDA,PAI,True,RESIDÊNCIA,2024,6,2,NOITE,0-17,True,FAMILIAR
757,2024-06-25,14:53:52,42,CARIACICA,JARDIM CAMPO GRANDE,ARMA DE FOGO,PARDA,COMPANHEIRO,True,VIA PÚBLICA,2024,6,2,TARDE,40-59,True,PARCEIRO ÍNTIMO
758,2024-03-07,02:48:28,34,VENDA NOVA DO IMIGRANTE,CAXIXE,ARMA BRANCA,PRETA,COMPANHEIRO,True,RESIDÊNCIA,2024,3,4,MADRUGADA,30-39,True,PARCEIRO ÍNTIMO
759,2024-08-07,10:46:32,28,VENDA NOVA DO IMIGRANTE,CENTRO,ARMA BRANCA,BRANCA,EX-NAMORADO,True,RESIDÊNCIA,2024,8,3,MANHÃ,18-29,False,EX-PARCEIRO
760,2024-11-07,16:23:34,71,LINHARES,INTERLAGOS,ARMA BRANCA,BRANCA,FILHO,True,RESIDÊNCIA,2024,11,4,TARDE,60+,False,FAMILIAR
761,2024-07-15,17:14:16,34,SERRA,NOVA CARAPINA I,OUTROS MEIOS,BRANCA,NÃO INFORMADO,False,RESIDÊNCIA,2024,7,1,TARDE,30-39,False,NÃO INFORMADO
762,2024-07-17,00:17:09,30,MANTENOPOLIS,CENTRO,ARMA DE FOGO,BRANCA,NÃO INFORMADO,False,ESTABELECIMENTO COMERCIAL,2024,7,3,MADRUGADA,30-39,False,NÃO INFORMADO
763,2024-07-18,12:41:28,42,SAO MATEUS,BOM SUCESSO,OUTROS MEIOS,PARDA,EX-COMPANHEIRO,True,RESIDÊNCIA,2024,7,4,TARDE,40-59,True,EX-PARCEIRO
764,2024-07-19,17:17:27,,ARACRUZ,BARRA DO RIACHO,ARMA DE FOGO,PARDA,NÃO INFORMADO,False,CURSO D'ÁGUA / REPRESA,2024,7,5,TARDE,NÃO INFORMADO,True,NÃO INFORMADO
765,2024-07-21,17:01:11,35,ARACRUZ,FATIMA,ARMA DE FOGO,PARDA,EX-COMPANHEIRO,True,VIA PÚBLICA,2024,7,7,TARDE,30-39,True,EX-PARCEIRO
766,2024-07-21,15:59:48,32,VILA VELHA,DOM JOÃO BATISTA,ARMA DE FOGO,PARDA,NÃO INFORMADO,False,VIA PÚBLICA,2024,7,7,TARDE,30-39,True,NÃO INFORMADO
767,2024-07-22,07:33:30,0,BARRA DE SAO FRANCISCO,VILA VICENTE,OUTROS MEIOS,BRANCA,NÃO INFORMADO,False,RESIDÊNCIA,2024,7,1,MANHÃ,0-17,False,NÃO INFORMADO
768,2024-07-27,16:34:54,,ITARANA,BARRA DO JATIBOCA,OUTROS MEIOS,NÃO INFORMADO,NÃO INFORMADO,False,TERRENO BALDIO / MATA,2024,7,6,TARDE,NÃO INFORMADO,,NÃO INFORMADO
769,2024-07-30,05:54:01,33,SAO ROQUE DO CANAA,SAO DAMACIO,ARMA DE FOGO,PARDA,MARIDO,True,RESIDÊNCIA,2024,7,2,MADRUGADA,30-39,True,PARCEIRO ÍNTIMO
770,2024-10-08,14:39:37,54,SERRA,FEU ROSA,ARMA BRANCA,PARDA,CONHECIDO,True,RESIDÊNCIA,2024,10,2,TARDE,40-59,True,CONHECIDO
771,2024-12-08,13:22:17,59,LINHARES,AVISO,ARMA DE FOGO,PARDA,NÃO INFORMADO,False,ESTABELECIMENTO COMERCIAL,2024,12,7,TARDE,40-59,True,NÃO INFORMADO
772,2024-08-14,09:13:16,57,SERRA,SAO GERALDO,ARMA DE FOGO,PARDA,NÃO INFORMADO,False,RESIDÊNCIA,2024,8,3,MANHÃ,40-59,True,NÃO INFORMADO
773,2024-08-16,20:05:08,29,VILA VELHA,RIVIERA DA BARRA,ARMA DE FOGO,PRETA,NÃO INFORMADO,False,VIA PÚBLICA,2024,8,5,NOITE,18-29,True,NÃO INFORMADO
774,2024-08-29,22:28:00,62,COLATINA,OLIVIO ZANOTELI,ARMA DE FOGO,PARDA,NÃO INFORMADO,False,RESIDÊNCIA,2024,8,4,NOITE,60+,True,NÃO INFORMADO
775,2024-08-29,22:28:00,23,COLATINA,OLIVIO ZANOTELI,ARMA DE FOGO,PARDA,NÃO INFORMADO,False,RESIDÊNCIA,2024,8,4,NOITE,18-29,True,NÃO INFORMADO
776,2024-08-09,09:53:40,21,CACHOEIRO DE ITAPEMIRIM,RUBEM BRAGA,ARMA DE FOGO,PRETA,COMPANHEIRO,True,RESIDÊNCIA,2024,8,5,MANHÃ,18-29,True,PARCEIRO ÍNTIMO
777,2024-08-09,16:58:52,26,PRESIDENTE KENNEDY,CENTRO,ARMA DE FOGO,PRETA,NÃO INFORMADO,False,RESIDÊNCIA,2024,8,5,TARDE,18-29,True,NÃO INFORMADO
778,2024-09-09,17:26:05,14,PINHEIROS,SÃO JOÃO DO SOBRADO,OUTROS MEIOS,PRETA,NÃO INFORMADO,False,TERRENO BALDIO / MATA,2024,9,1,TARDE,0-17,True,NÃO INFORMADO
779,2024-09-13,21:39:19,56,CACHOEIRO DE ITAPEMIRIM,RUBEM BRAGA,ARMA DE FOGO,PARDA,NÃO INFORMADO,False,OUTROS,2024,9,5,NOITE,40-59,True,NÃO INFORMADO
780,2024-09-15,18:24:23,33,SAO GABRIEL DA PALHA,SANTA HELENA,ARMA DE FOGO,PARDA,NÃO INFORMADO,False,RESIDÊNCIA,2024,9,7,NOITE,30-39,True,NÃO INFORMADO
781,2024-09-15,08:58:43,23,MARECHAL FLORIANO,CENTRO,ARMA BRANCA,PARDA,EX-MARIDO,True,VIA PÚBLICA,2024,9,7,MANHÃ,18-29,True,EX-PARCEIRO
782,2024-09-21,05:52:50,,IBIRACU,SAO CRISTOVAO,ARMA DE FOGO,PARDA,NÃO INFORMADO,False,ESTABELECIMENTO COMERCIAL,2024,9,6,MADRUGADA,NÃO INFORMADO,True,NÃO INFORMADO
783,2024-09-22,16:55:13,0,SERRA,RESIDENCIAL JACARAIPE,OUTROS MEIOS,PARDA,NÃO INFORMADO,False,RESIDÊNCIA,2024,9,7,TARDE,0-17,True,NÃO INFORMADO
784,2024-09-25,00:04:57,26,SERRA,FEU ROSA,ARMA BRANCA,PARDA,NÃO INFORMADO,False,RESIDÊNCIA,2024,9,3,MADRUGADA,18-29,True,NÃO INFORMADO
785,2024-09-28,23:26:48,30,VILA VALERIO,SÃO JORGE DA BARRA SECA,ARMA DE FOGO,PARDA,NÃO INFORMADO,False,RESIDÊNCIA,2024,9,6,NOITE,30-39,True,NÃO INFORMADO
786,2024-07-10,21:00:49,29,AFONSO CLAUDIO,ZONA RURAL,OUTROS MEIOS,BRANCA,COMPANHEIRO,True,RESIDÊNCIA,2024,7,3,NOITE,18-29,False,PARCEIRO ÍNTIMO
787,2024-07-10,14:15:29,16,CARIACICA,FLEXAL I,ARMA DE FOGO,BRANCA,NÃO INFORMADO,False,VIA PÚBLICA,2024,7,3,TARDE,0-17,False,NÃO INFORMADO
788,2024-12-10,03:32:19,36,LINHARES,AVISO,ARMA DE FOGO,PRETA,NÃO INFORMADO,False,VIA PÚBLICA,2024,12,2,MADRUGADA,30-39,True,NÃO INFORMADO
789,2024-10-13,21:46:58,,VILA VELHA,SANTOS DUMONT,ARMA DE FOGO,BRANCA,NÃO INFORMADO,False,VIA PÚBLICA,2024,10,7,NOITE,NÃO INFORMADO,False,NÃO INFORMADO
790,2024-10-16,18:24:44,22,JAGUARE,PALMITO,ARMA BRANCA,PARDA,COMPANHEIRO,True,VIA PÚBLICA,2024,10,3,NOITE,18-29,True,PARCEIRO ÍNTIMO
791,2024-10-22,09:12:09,34,LINHARES,BEBEDOURO,ARMA DE FOGO,PARDA,NÃO INFORMADO,False,RESIDÊNCIA,2024,10,2,MANHÃ,30-39,True,NÃO INFORMADO
792,2024-10-22,04:45:00,49,SAO DOMINGOS DO NORTE,CAIXA DAGUA,ARMA DE FOGO,PARDA,NÃO INFORMADO,False,RESIDÊNCIA,2024,10,2,MADRUGADA,40-59,True,NÃO INFORMADO
793,2024-10-29,07:01:55,44,COLATINA,OLIVIO ZANOTELI,ARMA DE FOGO,PARDA,EX-COMPANHEIRO,True,VIA PÚBLICA,2024,10,2,MANHÃ,40-59,True,EX-PARCEIRO
794,2024-09-11,21:27:21,29,MONTANHA,ANGELA DEPOLLO,ARMA BRANCA,PARDA,MARIDO,True,RESIDÊNCIA,2024,9,3,NOITE,18-29,True,PARCEIRO ÍNTIMO
795,2024-09-11,11:03:33,59,SANTA MARIA DE JETIBA,SAO BENTO DO GARRAFAO,ARMA BRANCA,PARDA,MARIDO,True,RESIDÊNCIA,2024,9,3,MANHÃ,40-59,True,PARCEIRO ÍNTIMO
796,2024-11-19,08:16:20,36,SERRA,HELIO FERRAZ,ARMA DE FOGO,PARDA,CUNHADO,True,ESTABELECIMENTO COMERCIAL,2024,11,2,MANHÃ,30-39,True,FAMILIAR
797,2024-11-22,09:06:40,23,MARATAIZES,LAGOA DO SIRI,ARMA BRANCA,PARDA,NÃO INFORMADO,False,CURSO D'ÁGUA / REPRESA,2024,11,5,MANHÃ,18-29,True,NÃO INFORMADO
798,2024-11-23,02:50:14,31,SERRA,NOVA ALMEIDA CENTRO,ARMA DE FOGO,PARDA,NÃO INFORMADO,False,ESTABELECIMENTO COMERCIAL,2024,11,6,MADRUGADA,30-39,True,NÃO INFORMADO
799,2024-11-23,02:50:14,31,SERRA,NOVA ALMEIDA CENTRO,ARMA DE FOGO,PARDA,NÃO INFORMADO,False,ESTABELECIMENTO COMERCIAL,2024,11,6,MADRUGADA,30-39,True,NÃO INFORMADO
800,2024-11-29,19:22:32,47,IBATIBA,BOA ESPERANÇA,ARMA DE FOGO,PARDA,COMPANHEIRO,True,VIA PÚBLICA,2024,11,5,NOITE,40-59,True,PARCEIRO ÍNTIMO
801,2024-08-12,19:31:59,45,BAIXO GUANDU,MAUA,ARMA BRANCA,PARDA,NÃO INFORMADO,False,VIA PÚBLICA,2024,8,1,NOITE,40-59,True,NÃO INFORMADO
802,2024-12-14,20:13:52,,CACHOEIRO DE ITAPEMIRIM,CENTRO,ARMA BRANCA,PARDA,NÃO INFORMADO,False,VIA PÚBLICA,2024,12,6,NOITE,NÃO INFORMADO,True,NÃO INFORMADO
803,2024-12-15,00:51:40,,CARIACICA,NOVA CANAA,ARMA DE FOGO,NÃO INFORMADO,NÃO INFORMADO,False,TERRENO BALDIO / MATA,2024,12,7,MADRUGADA,NÃO INFORMADO,,NÃO INFORMADO
804,2024-12-29,20:26:45,35,GUARAPARI,BELA VISTA,ARMA DE FOGO,PARDA,EX-MARIDO,True,RESIDÊNCIA,2024,12,7,NOITE,30-39,True,EX-PARCEIRO
